"DWR_Site","EMP_Site","Lat","Lon","RepCont","Collection_Date","Collection_Month","Collection_ID","Survey_Year","field.PST","field.Water.temp","field.DO.mgL","field.DO.perc","field.Secchi","field.SC.uScm","field.Salinity","field.NTU","field.pH","field.Chla","field.Fluor","bryte.NH4.mgL","bryte.NO3.mgL","bryte.Chloride.mgL","bryte.Calcium.mgL","bryte.DOC.mgL","bryte.TOC.mgL","bryte.DON.mgL","bryte.total.kjeldahl.n.mgL","bryte.SRP.mgL","bryte.TP.mgL","bryte.SiO2.mgL","bryte.VSS.mgL","bryte.TDS.mgL","bryte.TSS.mgL","bryte.amb.Chla.ugL","bryte.amb.Pheo.ugL","bryte.towNet.Chla.ave.ugL","bryte.towNet.Chla.corrected","bryte.towNet.Pheo.uncorrected","bryte.towNet.Pheo.corrected","dwr.MIC_totbvL","ucd.qpcr.total.MIC","ucd.qpcr.toxin.MIC","ucd.qpcr.DOLICO","ucd.qpcr.APHA","ucd.qpcr.total.CYA","ucd.ppia.MC.total.ugL","ucd.elisa.STX.dissolved.ugL","ucd.elisa.ANA.a.dissolved.ugL"
"AT","D12",38.0232,-121.8071,0,"2014-07-14",7,1,2014,1440,22.63,7.96,92.9,NA,2910,1.49,15.1,8.17,2.5,NA,0,0.3,781,NA,2.4,2.7,0.3,NA,0.08,0.12,13.6,2,1639,15,NA,NA,5117.5,2.996763405,53.4,0.01691,6.46e+10,261758,173314,948,2850,558029,1.54,0,0
"BI","",38.1159,-121.6845,0,"2014-07-14",7,1,2014,1409,23.6,8.21,97,NA,728,0.34,8.7,7.87,1.8,NA,0,0.22,156,NA,2.4,2.5,0.3,NA,0.07,0.13,13.7,1,409,7,NA,NA,6986.5,10.08809892,22.25,0.03571,3.16e+11,36900,27696,3122,3660,383808,4.02,0,0
"CV","D4",38.0602,-121.824,0,"2014-07-14",7,1,2014,1453,22.23,8.16,95.5,NA,6013,3.25,18.5,7.73,1.8,NA,0.03,0.36,1675,NA,2.5,2.6,0.4,NA,0.09,0.13,13.4,3,13648,23,NA,NA,1913.5,1.289885534,80.1,0.03693,4.18e+10,4090,4558,1681,1460,282705,0.36,0,0
"FT","D19",38.0468,-121.6192,0,"2014-07-14",7,1,2014,1325,24,9.89,117.2,NA,792,0.37,5,8.44,1.8,NA,0,0.12,175,NA,2.8,2.9,0.3,NA,0.08,0.09,11.2,0,453,2,NA,NA,4076.2,2.482772338,297.26,0.1642,1.29e+11,74200,98418,215653,23800,1255188,2.61,0,0
"JP","",38.0517,-121.6953,0,"2014-07-14",7,1,2014,1400,23.96,8.15,96.8,NA,1148,0.55,9.2,8.23,2.2,NA,0.02,0.28,207,NA,2.3,2.3,0.5,NA,0.08,0.1,13.8,2,509,9,NA,NA,8633,4.496858592,89,0.07591,4.89e+10,17600,15189,52427,9010,395713,4.06,0,0
"MI","",37.9952,-121.5222,0,"2014-07-14",7,1,2014,1250,24.78,8.32,100.6,NA,471,0.21,2,8.39,3.1,NA,0.02,0.07,84,NA,3.2,3.4,0.3,NA,0.08,0.12,10.5,1,266,2,NA,NA,9389.5,18.87824591,142.4,0.21362,7.36e+11,1645390,1428211,451324,60400,3401267,11.34,0,0
"OR","D28A",37.9706,-121.5725,0,"2014-07-14",7,1,2014,1143,24.63,7.16,86.2,NA,677,0.31,5.8,7.73,1.7,NA,0,0.05,136,NA,3.4,3.4,0.4,NA,0.1,0.14,7.7,2.5,370,NA,NA,NA,8900,2.762557987,1691,0.28783,5.44e+10,62700,19986,102618,28339,652042,1.9,0,0
"ORrep","",37.9706,-121.5725,1,"2014-07-14",7,1,2014,1208,24.8,7.16,86.5,NA,672,0.31,5.2,7.71,211,NA,0,0.05,138,NA,3.5,3.6,0.4,NA,0.1,0.13,7.8,1,373,4,NA,NA,5816.79,2.426181341,123.96,NA,4.93e+09,130000,47177,43740,83500,654034,2.06,0,0
"RR","P8",37.9633,-121.3663,0,"2014-07-14",7,1,2014,1045,26.21,6.61,92.4,NA,1027,0.49,2,7.81,3.2,NA,0.02,1.02,212,NA,4.2,4.5,0.6,NA,0.3,0.41,10.8,2,554,5,NA,NA,7502.7,28.39101156,66.75,0.11477,4.67e+11,2020000,141161,121948,75324,5749143,33.28,0,0
"SJ","",38.0347,-121.4834,0,"2014-07-14",7,1,2014,1200,24.74,6.6,79.4,NA,375,0.17,3.1,7.79,2.5,NA,0.01,0.14,59,NA,2.9,3.1,0.4,NA,0.08,0.13,11.4,1,213,5,NA,NA,2411.9,3.891894101,36.49,0.47237,9.56e+10,42900,6211,30586,21100,435619,1.11,0,0
"VC","",37.872,-121.5277,0,"2014-07-14",7,1,2014,1045,26.13,7.17,88.1,NA,540,0.25,7,7.49,4.8,NA,0,0.13,95,NA,4.2,4.6,0.5,NA,0.09,0.15,9.2,1,301,6,NA,NA,5713.8,3.268324342,341.76,0.13179,5.17e+10,244000,97561,81879,185000,1478200,2.99,0,0
"AT","D12",38.0232,-121.8071,0,"2014-07-28",7,2,2014,926,22.76,7.61,89.5,NA,4214,2.22,16.9,7.88,2.8,NA,0.04,0.31,1100,NA,2.3,2.6,0.4,NA,0.08,0.11,13.6,3,2398,20,NA,NA,7395.9,2.232830424,547.35,0.11279,4.72e+09,18700,11175,0,9040,145960,0.62,0,0
"ATrep","D12",38.0232,-121.8071,1,"2014-07-28",7,2,2014,954,22.7,7.68,90.2,NA,3948,2.07,15,7.86,2.2,NA,0.03,0.3,1020,NA,2.3,2.5,0.4,NA,0.08,0.1,13.8,3,2401,19,NA,NA,9505.2,1.998492625,246.71,NA,2.86e+09,34199,3115,0,953,78646,1.17,0,0
"BI","",38.1159,-121.6845,0,"2014-07-28",7,2,2014,845,23.13,8.09,95,NA,1383,0.67,11.4,7.84,2.1,NA,0.02,0.28,347,NA,2.5,2.5,0.3,NA,0.08,0.1,13.8,2,770,12,NA,NA,3631.2,0.965836829,200.25,0.09756,7.76e+09,37500,21484,0,5760,137479,2.15,0,0
"CV","D4",38.0602,-121.824,0,"2014-07-28",7,2,2014,839,21.88,7.44,86.9,NA,7388,4.05,17.2,7.42,2.2,NA,0.04,0.37,1968,NA,2.3,2.5,0.4,NA,0.09,0.12,13.8,5,5040,24,NA,NA,6194.4,1.012491254,160.2,0.06776,8.16e+09,14500,5556,0,245,192272,0.29,0,0
"FieldCont","",NA,NA,1,"",7,2,2014,NA,NA,NA,NA,NA,NA,NA,NA,NA,NA,NA,0.01,NA,NA,NA,NA,NA,0.1,NA,NA,NA,NA,NA,NA,NA,NA,NA,NA,NA,NA,NA,NA,14,2,22,12,113,0,0,0
"FT","D19",38.0468,-121.6192,0,"2014-07-28",7,2,2014,1331,23.75,9.19,108.9,NA,679,0.31,4.7,8.31,1.2,NA,0.03,0.14,142,NA,2.7,2.8,0.2,NA,0.07,0.11,11.9,1,375,3,NA,NA,2264.16,1.063109071,105.73,0.04771,3.94e+10,90700,32215,2537,4800,284930,1.02,0,0
"JP","",38.0517,-121.6953,0,"2014-07-28",7,2,2014,1000,23.29,8.09,95.7,NA,1321,0.64,11.7,7.85,1.8,NA,0.03,0.28,322,NA,2.4,2.7,0.4,NA,0.08,0.11,14.4,4,741,17,NA,NA,2851.56,2.924261424,243.5,0.23461,1.64e+10,13900,10822,7,1170,135375,0.57,0,0
"MI","",37.9952,-121.5222,0,"2014-07-28",7,2,2014,1325,25.8,8.48,103.9,NA,475,0.21,0.5,8.22,2.6,NA,0.01,0.06,89,NA,3.6,3.7,0.3,NA,0.09,0.12,11.5,1,270,2,NA,NA,3225.36,1.249812572,93.98,0.05555,3.15e+09,85200,23227,3862,125181,1417001,1.01,0,0
"OR","D28A",37.9706,-121.5725,0,"2014-07-28",7,2,2014,1300,25.2,7.42,90.4,NA,688,0.32,4.6,7.78,2.3,NA,0.02,0.04,141,NA,3.4,3.5,0.3,NA,0.09,0.11,8,2,381,4,NA,NA,3236.04,1.621000181,277.68,0.1461,7.34e+09,112000,22956,2948,28900,468286,1.27,0,0
"RR","P8",37.9633,-121.3663,0,"2014-07-28",7,2,2014,1231,26.47,6.53,87.6,NA,1200,0.58,3,7.83,4.1,NA,0.07,1.24,253,NA,4.8,5.2,0.6,NA,0.4,0.5,12.1,2,675,6,NA,NA,7315.8,2.237035368,365.79,0.15197,3.51e+09,251000,13941,238,207684,858311,0.55,0,0
"SJ","",38.0347,-121.4834,0,"2014-07-28",7,2,2014,1152,25.26,6.58,80,NA,380,0.17,1.4,7.98,1.8,NA,0.03,0.16,61,NA,3.4,3.4,0.3,NA,0.08,0.11,13.2,2,211,4,NA,NA,2306.88,2.301079607,122.82,0.13756,1.02e+10,63500,16389,38127,125000,345078,0.47,0,0
"VC","",37.872,-121.5277,0,"2014-07-28",7,2,2014,1210,26.06,6.99,86.6,NA,525,0.24,6,7.65,4.4,NA,0.025,0.15,97,NA,4.3,4.6,0.4,NA,0.08,0.16,10.1,2,292,6,NA,NA,3374.88,1.91415053,183.7,0.13751,4.72e+09,287000,58455,982,202000,1096970,0.83,0,0
"AT","D12",38.0232,-121.8071,0,"2014-08-11",8,3,2014,836,22.08,8.08,93.8,NA,4448,2.35,16.8,7.75,6.5,NA,0.04,0.3,1233,NA,2.5,2.6,0.4,NA,0.09,0.13,13.4,4,2452,23,NA,NA,2776.8,0.606546246,318.26,0.06182,9.49e+09,36500,16333,0,3850,201637,0.42,0,0
"BI","",38.1159,-121.6845,0,"2014-08-11",8,3,2014,851,23.06,7.53,88.7,NA,1337,0.65,11.6,7.89,2.2,NA,0.02,0.39,326,NA,2.3,2.4,0.3,NA,0.08,0.11,13.9,2,739,11,NA,NA,2627.28,3.306457371,116.41,1.17809,5.63e+10,50600,24014,20407,18200,251964,0.41,0,0
"CV","D4",38.0602,-121.824,0,"2014-08-11",8,3,2014,917,21.48,8.12,93.9,NA,5983,3.23,14.3,7.79,2.1,NA,0.02,0.26,1668,NA,2.3,2.5,0.4,NA,0.07,0.12,12.9,4,3416,20,NA,NA,4085.1,0.507658105,232.29,0.03055,2.35e+09,95200,12896,0,1900,383814,2.87,0,0
"FieldCont","",NA,NA,1,"",8,3,2014,NA,NA,NA,NA,NA,NA,NA,NA,NA,NA,NA,NA,NA,NA,NA,NA,NA,NA,NA,NA,NA,NA,NA,NA,NA,NA,NA,NA,NA,NA,NA,NA,3,0,0,9,116,0,0,0
"FT","D19",38.0468,-121.6192,0,"2014-08-11",8,3,2014,1257,23.3,8.78,103,NA,719,0.33,3.6,8.81,0.8,NA,0.02,0.13,150,NA,2.6,2.7,0.4,NA,0.08,0.11,12.2,1,401,2,NA,NA,1783.56,0.792809898,70.49,0.02601,1.2e+09,155049,5627,0,5510,234583,0,0,0
"FTrep","D19",38.0468,-121.6192,1,"2014-08-11",8,3,2014,NA,NA,NA,NA,NA,NA,NA,NA,NA,NA,NA,0.01,0.15,150,NA,2.6,2.6,0.3,NA,0.08,0.1,12.3,0,402,2,NA,NA,1869,NA,48.59,NA,8.38e+09,102000,14670,30918,291000,500408,0.45,0,0
"JP","",38.0517,-121.6953,0,"2014-08-11",8,3,2014,935,23.14,7.61,84.3,NA,1266,0.61,13.8,8,2.2,NA,0.02,0.28,329,NA,2.3,2.4,0.2,NA,0.08,0.11,14.3,2,710,19,NA,NA,3668.58,1.844606535,155.39,0.11787,3.77e+10,40000,30843,0,9030,196475,0,0,0
"MI","",37.9952,-121.5222,0,"2014-08-11",8,3,2014,1331,25.22,8.89,107.9,NA,426,0.19,-0.8,8.15,2.5,NA,0,0.08,76,NA,3.2,3.3,0.5,NA,0.09,0.12,12.2,1,238,2,NA,NA,3321.48,2.751660637,0,0.09946,1.93e+09,87400,11625,0,47700,904199,0.63,0,0
"OR","D28A",37.9706,-121.5725,0,"2014-08-11",8,3,2014,1229,25.09,6.85,83.2,NA,622,0.29,3.7,7.97,2.6,NA,0.02,0.05,125,NA,3.3,3.6,0.3,NA,0.1,0.12,10.3,1,348,3,NA,NA,2499.12,1.370802592,147.38,0.1678,3.95e+09,92300,13146,8129,24500,456682,0.48,0,0
"RR","P8",37.9633,-121.3663,0,"2014-08-11",8,3,2014,1227,27.3,8.14,104.2,NA,1314,0.64,2.3,7.96,4.5,NA,0.05,1.42,290,NA,5,5.4,0.6,NA,0.45,0.5,12.1,2,720,6,NA,NA,9078,4.561507857,509.97,0.21419,6.11e+09,283000,13152,0,290794,1581523,0.63,0,0
"SJ","",38.0347,-121.4834,0,"2014-08-11",8,3,2014,1143,25.12,7.06,85.6,NA,356,0.16,5.7,7.76,2.4,NA,0.02,0.14,57,NA,3.3,3.4,0.4,NA,0.075,0.12,14.3,2,197,6,NA,NA,1164.12,0.267591792,73.16,0.0918,3.32e+08,64200,12585,157,21600,347619,0.82,0,0
"VC","",37.872,-121.5277,0,"2014-08-11",8,3,2014,1155,25.4,6.64,81.7,NA,494,0.22,6.2,7.71,4.4,NA,0.04,0.17,88,NA,4.2,4.4,0.5,NA,0.09,0.12,11.6,1,291,4,NA,NA,4773.96,1.597621448,193.84,0.04399,1.19e+10,228000,37164,88,69600,939065,0.62,0,0
"AT","D12",38.0232,-121.8071,0,"2014-08-25",8,4,2014,840,21.15,8.35,95.2,NA,4164,2.19,13.1,8.03,1.6,NA,0.02,0.24,1188,NA,3,2.6,1.6,NA,0.06,0.12,13.7,3,2322,20,NA,NA,6381.3,1.080253151,403.17,0.079,6.76e+09,95500,72439,0,22200,293554,0,0,0
"BI","",38.1159,-121.6845,0,"2014-08-25",8,4,2014,852,21.88,8.42,96.4,NA,1290,0.62,9.8,7.85,2,NA,0.01,0.27,312,NA,3.1,2.6,0.2,NA,0.08,0.1,15,2,710,13,NA,NA,4485.6,1.149900157,149.52,0.04593,1.49e+09,165000,110334,0,46700,527331,0.65,0,0
"CV","D4",38.0602,-121.824,0,"2014-08-25",8,4,2014,918,20.62,8.45,95.8,NA,5954,3.21,10.8,7.94,1.2,NA,0.02,0.3,1629,NA,3,2.4,0.2,NA,0.06,0.12,14.1,3,3362,19,NA,NA,6167.7,0.284206494,224.28,0.00776,1.13e+09,102000,2224,0,6440,308638,0,0,0
"FieldCont","",NA,NA,1,"",8,4,2014,NA,NA,NA,NA,NA,NA,NA,NA,NA,NA,NA,NA,0.03,NA,NA,NA,NA,NA,NA,NA,NA,NA,NA,NA,NA,NA,NA,NA,NA,NA,NA,NA,5,1,0,3,332,0,0,0
"FT","D19",38.0468,-121.6192,0,"2014-08-25",8,4,2014,1349,22.03,8.47,96.9,NA,784,0.37,5.5,8.08,1.9,NA,0.01,0.18,173,NA,2.7,2.8,0.2,NA,0.07,0.1,14.1,1,742,5,NA,NA,5553.6,1.207061006,165.54,0.03316,3.44e+08,197000,38797,323,116000,596147,0.74,0,0
"JP","",38.0517,-121.6953,0,"2014-08-25",8,4,2014,933,21.89,8.46,97,NA,1325,0.64,12.2,8.01,1.8,NA,0,0.26,310,NA,2.8,3.1,0.1,NA,0.07,0.11,15.4,2,729,13,NA,NA,4832.7,1.061353102,194.91,0.04681,2.92e+09,303000,222825,9090,52800,690749,0.81,0,0
"MI","",37.9952,-121.5222,0,"2014-08-25",8,4,2014,1306,23.76,8.96,105.5,NA,425,0.19,-0.1,8.18,2.3,NA,0,0.04,75,NA,3.4,3.6,0.2,NA,0.07,0.11,13.8,1,240,3,NA,NA,5046.3,1.95197145,56.07,0.07042,4.05e+09,164000,55888,3815,55900,742025,0.93,0,0
"OR","D28A",37.9706,-121.5725,0,"2014-08-25",8,4,2014,1308,24.11,7.57,90.2,NA,623,0.29,4.8,7.9,2.8,NA,0,0.02,129,NA,3.5,3.6,0.2,NA,0.08,0.11,11.7,1,349,4,NA,NA,5740.5,1.779127933,34.71,0.03609,5.25e+09,96300,34539,83,77300,510763,0.78,0,0
"RR","P8",37.9633,-121.3663,0,"2014-08-25",8,4,2014,1219,25.97,7.29,90,NA,1408,0.68,1.8,7.85,2.8,NA,0.04,1.3,321,NA,5.4,5.6,0.5,NA,0.41,0.52,13.3,2,785,6,NA,NA,7582.8,2.261780825,267,0.12465,3.52e+09,304000,14706,0,104000,1344624,0.64,0,0
"SJ","",38.0347,-121.4834,0,"2014-08-25",8,4,2014,1142,23.85,7.96,94.8,NA,370,0.16,1.2,8.07,2.2,NA,0,0.14,61,NA,3.3,3.6,0.3,NA,0.06,0.01,14.5,2,211,4,NA,NA,3524.4,1.583632613,45.39,0.03959,5.64e+09,177000,43821,75,96900,660859,0.7,0,0
"VC","",37.872,-121.5277,0,"2014-08-25",8,4,2014,1205,24.3,7.43,88.9,NA,487,0.22,8.3,7.82,3.7,NA,0.02,0.06,85,NA,4.1,4.5,0.5,NA,0.07,0.13,13,2,275,8,NA,NA,9745.5,3.818576901,477.93,0.15154,1.69e+10,370000,120246,0,121000,1317605,1.13,0,0
"VCrep","",37.872,-121.5277,1,"2014-08-25",8,4,2014,1206,24.27,7.33,87.8,NA,487,0.22,8.6,7.73,4.1,NA,0.01,0.06,85,NA,4.4,4.4,0.3,0.1,0.08,0.12,12.5,2,277,8,NA,NA,7823.1,5.141446344,176.22,NA,1.27e+10,355000,48653,1353,166000,997190,1.17,0,0
"AT","D12",38.0232,-121.8071,0,"2014-09-11",9,5,2014,924,20.65,8.25,93.4,NA,5404,2.89,21.2,7.83,2.3,NA,0.03,0.32,1492,NA,2.1,2.1,0.4,NA,0.09,0.12,13.5,5,3020,29,NA,NA,2330.18,0.881685193,170.88,0.06457,4.53e+09,13800,23857,0,6650,185442,1.06,0,0
"BI","",38.1159,-121.6845,0,"2014-09-11",9,5,2014,903,21.6,8.23,93.6,NA,945,0.45,14.6,7.73,1.6,NA,0.03,0.34,218,NA,1.9,2.2,0.5,NA,0.08,0.1,17,1,525,15,NA,NA,5024.45,3.075667662,548.56,0.20931,3.96e+09,90400,89988,0,22100,468285,1.14,0,0
"BIrep","",38.1159,-121.6845,1,"2014-09-11",9,5,2014,NA,NA,NA,NA,NA,NA,NA,NA,NA,NA,NA,0.03,0.33,210,NA,2.2,2.2,0.2,NA,0.08,0.1,16.9,2,526,14,NA,NA,6165.27,4.105790454,155.35,NA,2.41e+09,108000,92688,0,16800,400336,0,0,0
"CV","D4",38.0602,-121.824,0,"2014-09-11",9,5,2014,900,20.31,8.06,91.3,NA,7223,3.95,17.8,7.76,2.1,NA,0.03,0.35,2178,NA,1.8,2,0.4,NA,0.09,0.12,13.7,5,4008,25,NA,NA,1436.95,0.51182363,58.25,0.02267,3.41e+09,27300,12432,0,9390,279466,0.64,0,0
"FieldCont","",NA,NA,1,"",9,5,2014,NA,NA,NA,NA,NA,NA,NA,NA,NA,NA,NA,NA,NA,NA,NA,NA,NA,NA,NA,NA,NA,NA,NA,NA,NA,NA,NA,NA,NA,NA,NA,NA,10,1,0,13,178,0,0,0
"FT","D19",38.0468,-121.6192,0,"2014-09-11",9,5,2014,1322,22.45,9.79,133.3,NA,751,0.35,4,8.44,1.8,NA,0.02,0.13,160,NA,2.5,2.5,0.2,NA,0.08,0.1,13.6,0,418,1,NA,NA,5242.91,3.342436936,177.19,0.09123,2.81e+09,135000,123744,0,16000,299095,0.86,0,0
"JP","",38.0517,-121.6953,0,"2014-09-11",9,5,2014,948,21.54,8.53,96.9,NA,1415,0.69,13.7,7.89,2.1,NA,0.02,0.25,345,NA,2.1,2.2,0.1,NA,0.08,0.1,15.4,2,799,14,NA,NA,4111.8,2.732259376,504.63,0.21857,4.75e+09,85800,43272,1224,23800,266277,1.06,0,0
"MI","",37.9952,-121.5222,0,"2014-09-11",9,5,2014,1317,23.95,9.7,115.2,NA,421,0.19,1,8.22,2.5,NA,0.01,0.06,68,NA,3.2,2.9,0.2,NA,0.08,0.1,14.7,1,234,2,NA,NA,4005,2.452298138,123.79,0.02237,6.07e+09,180000,97763,1400,53800,1122006,0.95,0,0
"OR","D28A",37.9706,-121.5725,0,"2014-09-11",9,5,2014,1251,22.8,8.32,96.5,NA,668,0.31,5.8,8.14,2.2,NA,0.01,0,136,NA,2.8,3.1,0.2,NA,0.09,0.1,12.5,1,372,2,NA,NA,5315.73,5.314093896,733.04,0.34691,2.16e+09,169000,114182,12652,98500,785708,1.27,0,0
"RR","P8",37.9633,-121.3663,0,"2014-09-11",9,5,2014,1230,25.7,8.43,103.6,NA,1421,0.69,3.1,7.75,3.4,NA,0.07,1.69,316,NA,4.8,5.1,0.5,NA,0.53,0.58,13.6,2,800,5,NA,NA,7802.33,3.027750545,89,0.04004,2.48e+09,354000,33933,1460,28800,1242328,0.63,0,0
"SJ","",38.0347,-121.4834,0,"2014-09-11",9,5,2014,1155,23.21,7.93,92.7,NA,381,0.17,1.4,8.11,2.4,NA,0.02,0.12,59,NA,2.9,3.2,0.3,NA,0.08,0.1,15.7,1,220,3,NA,NA,4450,1.802021531,77.13,0.06352,1.24e+09,130000,47145,5455,32700,688974,1.13,0,0
"VC","",37.872,-121.5277,0,"2014-09-11",9,5,2014,1215,23.97,7.92,94,NA,489,0.22,5.9,7.94,3.8,NA,0.02,0.03,84,NA,3.7,3.9,0.2,NA,0.09,0.11,13.4,2,270,5,NA,NA,4746.67,5.42048483,29.67,0.03681,3.1e+09,196000,97728,22824,83700,823052,1.39,0,0
"AT","D12",38.0232,-121.8071,0,"2014-09-29",9,6,2014,847,20.75,8.05,91.8,NA,7295,4,8.2,8.02,1.8,NA,0.05,0.34,2057,NA,2.4,2.5,0.4,NA,0.1,0.11,13.9,2,4112,10,NA,NA,5874,0.791009009,106.8,0.01653,8.51e+08,16000,5472,0,3830,59495,0.64,0,0
"BI","",38.1159,-121.6845,0,"2014-09-29",9,6,2014,843,21.22,8.1,91.7,NA,1509,0.74,13.1,7.86,1.9,NA,0.04,0.34,371,NA,2.4,2.6,0.3,NA,0.09,0.11,17.5,1,831,12,NA,NA,4757.45,2.974305141,288.85,0.13245,3.13e+09,107000,8832,0,15600,254691,5.22,0,0
"CV","D4",38.0602,-121.824,0,"2014-09-29",9,6,2014,928,20.71,8.16,94.2,NA,10107,5.68,8.9,7.82,1.8,NA,0.03,0.39,3056,NA,2.2,2.3,0.3,NA,0.1,0.11,13.8,2,5656,10,NA,NA,2621.45,0.460842343,182.05,0.02456,5.15e+08,25600,17082,0,4710,177163,0.7,0,0
"FieldCont","",NA,NA,1,"",9,6,2014,NA,NA,NA,NA,NA,NA,NA,NA,NA,NA,NA,NA,NA,NA,NA,NA,NA,0.3,NA,NA,NA,NA,NA,NA,NA,NA,NA,NA,NA,NA,NA,NA,1,0,0,3,119,0,0,0
"FT","D19",38.0468,-121.6192,0,"2014-09-29",9,6,2014,1315,21.83,10.08,115.4,NA,909,0.43,3.9,8.58,1.2,NA,0.02,0.18,206,NA,2.6,2.7,0.3,NA,0.09,0.1,14.4,0,508,2,NA,NA,5388.55,1.415673312,31.55,0.01132,1.2e+09,108000,16612,45,26400,316526,1.55,0,0
"JP","",38.0517,-121.6953,0,"2014-09-29",9,6,2014,919,21.23,8.29,94.1,NA,2048,1.02,10.1,8.1,2.1,NA,0.02,0.26,526,NA,2.6,2.7,0.4,NA,0.09,0.11,15.5,2,1140,8,NA,NA,7840.09,2.19105791,587.4,0.16116,1.31e+09,80500,8388,0,24400,264534,1.59,0,0
"MI","",37.9952,-121.5222,0,"2014-09-29",9,6,2014,1345,22.41,8.52,98.1,NA,438,0.2,1,7.93,3.1,NA,0.02,0.13,72,NA,2.9,3.1,0.3,NA,0.09,0.1,15.9,1,243,2,NA,NA,4456.85,1.376878951,100.64,0.03526,1.93e+09,56000,7604,95,38500,534055,0,0,0
"MIrep","",37.9952,-121.5222,1,"2014-09-29",9,6,2014,1349,22.3,8.32,96.5,NA,439,0.2,0.8,7.83,2.9,NA,0.02,0.14,72,NA,2.9,3.2,0.2,NA,0.08,0.1,15.3,1,243,2,NA,NA,4806,1.168322961,168.42,NA,1.34e+09,72300,6288,2130,47300,533259,0.32,0,0
"OR","D28A",37.9706,-121.5725,0,"2014-09-29",9,6,2014,1245,22.04,7.89,90.5,NA,758,0.35,4.1,8.11,1,NA,0.02,0.05,158,NA,3,3,0.3,NA,0.09,0.1,12.2,0,422,2,NA,NA,5298.92,1.594932698,0,0.00073,7.4e+08,85000,10032,210,27100,265201,0.99,0,0
"RR","P8",37.9633,-121.3663,0,"2014-09-29",9,6,2014,1246,24.17,8.51,102.3,NA,1590,0.78,2.6,7.58,3.9,NA,0.12,2.17,373,NA,5,5.4,0.7,NA,0.53,0.62,13.4,1,918,4,NA,NA,4272,1.20646633,0,0.00927,3.16e+08,42900,13536,0,5300,229375,0.32,0,0
"SJ","",38.0347,-121.4834,0,"2014-09-29",9,6,2014,1200,21.92,7.64,87.5,NA,393,0.17,12.8,8.17,3.3,NA,0.02,0.18,60,NA,3.1,3.2,0.3,NA,0.09,0.12,16.1,4,218,17,NA,NA,7476,3.569950362,373.8,0.21469,1.34e+09,56200,1141,0,28400,364664,0.29,0,0
"VC","",37.872,-121.5277,0,"2014-09-29",9,6,2014,1203,22.37,7.17,88.9,NA,482,0.22,5.2,8.06,2.5,NA,0.03,0.08,83,NA,3.5,3.6,0.2,NA,0.1,0.11,15,1,268,2,NA,NA,3717.46,1.69889506,106.8,0.03089,1.14e+09,80600,7223,0,30800,388956,0.62,0,0
"AT","D12",38.0232,-121.8071,0,"2014-10-13",10,7,2014,853,20.34,8.04,91.6,NA,7682,4.23,7.3,7.86,1.4,NA,0.04,0.36,1850,NA,2.1,2.1,0.3,NA,0.11,0.11,14.6,4,4232,14,NA,NA,1270.92,0.313113899,37.38,0.01881,5.97e+08,20600,2008,0,10900,186415,0.31,0,0
"BI","",38.1159,-121.6845,0,"2014-10-13",10,7,2014,918,20.32,8.22,91.8,NA,2869,1.47,17,7.69,1.9,NA,0.04,0.4,624,NA,2.3,2.4,0.2,NA,0.09,0.11,17.1,2,1613,14,NA,NA,1602,1.229908779,80.1,0.0556,9.95e+08,50100,22289,547,18200,163581,0,0,0
"CV","D4",38.0602,-121.824,0,"2014-10-13",10,7,2014,934,20.16,8.56,97.7,NA,10834,6.12,6.4,7.84,2.1,NA,0.03,0.43,3205,NA,1.8,2.1,0.3,NA,0.11,0.11,14,4,6224,13,NA,NA,833.04,0.246099879,52.87,0.02025,6.2e+08,14300,194,0,2710,138998,0.3,0,0
"CVrep","",38.0602,-121.824,1,"2014-10-13",10,7,2014,NA,NA,NA,NA,NA,NA,NA,NA,NA,NA,NA,0.02,0.44,3263,NA,2.1,2.1,0.3,NA,0.11,0.12,NA,4,6116,14,NA,NA,704.88,0.235638143,72.62,NA,1.71e+09,7780,950,0,1370,114082,0,0,0
"FieldCont","",NA,NA,1,"",10,7,2014,NA,NA,NA,NA,NA,NA,NA,NA,NA,NA,NA,NA,NA,NA,NA,NA,NA,NA,NA,NA,NA,NA,NA,NA,NA,NA,NA,NA,NA,NA,NA,NA,10,1,0,35,98,0,0,0
"FT","D19",38.0468,-121.6192,0,"2014-10-13",10,7,2014,1400,21.52,9.91,112.8,NA,1165,0.56,3,8.21,1.2,NA,0.02,0.26,271,NA,2.3,2.4,0.2,NA,0.09,0.1,16.2,1,651,2,NA,NA,875.76,1.15472498,32.57,0.05773,3.37e+08,55700,10080,0,27700,224385,0,0,0
"JP","",38.0517,-121.6953,0,"2014-10-13",10,7,2014,953,20.78,8.59,96.6,NA,2686,1.37,8.1,7.89,0.9,NA,0.02,0.34,717,NA,2.2,2.3,0.2,NA,0.09,0.1,16.4,2,1501,10,NA,NA,2552.52,4.282759986,71.56,0.25716,1.4e+10,69600,24141,2978,38600,350409,0.29,0,0
"MI","",37.9952,-121.5222,0,"2014-10-13",10,7,2014,1229,22.18,8.19,93.5,NA,505,0.23,-0.1,8.33,2.2,NA,0.02,0.18,85,NA,2.7,2.8,0.2,NA,0.08,0.1,16.2,1,289,2,NA,NA,4218.6,0.620572922,304.38,0.0495,1.17e+09,25000,1632,0,9290,176460,0,0,0
"OR","D28A",37.9706,-121.5725,0,"2014-10-13",10,7,2014,1330,21.63,7.71,87.8,NA,726,0.34,3.6,7.76,2.4,NA,0.02,0.06,153,NA,2.8,3,0.2,NA,0.08,0.09,13.2,1,408,4,NA,NA,820.22,1.036354717,55.96,0.06051,4.33e+08,46000,5506,0,23800,364707,0.3,0,0
"RR","P8",37.9633,-121.3663,0,"2014-10-13",10,7,2014,1333,22.8,7.86,91.6,NA,1596,0.78,4.4,7.92,3.9,NA,0.11,2.39,360,NA,4.5,4.5,0.5,NA,0.47,0.47,15.2,2,904,7,NA,NA,1687.44,0.239169162,114.28,0.01119,8.33e+08,15200,12096,0,11000,418360,0,0,0
"SJ","",38.0347,-121.4834,0,"2014-10-13",10,7,2014,1415,22.17,8.08,92.8,NA,530,0.24,0.9,8.16,3.5,NA,0.02,0.29,89,NA,3,3.2,0.2,NA,0.11,0.12,16.65,1,294,3,NA,NA,3595.96,1.125699453,223.53,0.05611,9.5e+08,73400,5818,843,22100,553400,0,0,0
"VC","",37.872,-121.5277,0,"2014-10-13",10,7,2014,1235,21.44,7.73,87.5,NA,547,0.25,4.7,7.83,2.6,NA,0.02,0.06,96,NA,3.3,3.4,0.2,NA,0.09,0.1,15,1,306,4,NA,NA,419.19,2.171936961,38.71,0.15926,6.07e+09,14300,4416,0,10400,319069,0.3,0,0
"AT","D12",38.0232,-121.8071,0,"2014-10-27",10,8,2014,847,18.62,8.41,92.5,NA,8249,4.56,5.9,7.54,1.6,NA,0.05,0.41,2287,NA,2.2,2.3,0.2,NA,0.1,0.11,14.5,2,4660,9,NA,NA,918.48,0.350172354,59.38,0.02076,9.88e+08,12500,6836,0,5890,175330,0,0,0
"BI","",38.1159,-121.6845,0,"2014-10-27",10,8,2014,854,18.78,8.35,90.2,NA,2303,1.16,9.7,7,1.8,NA,0.1,0.49,563,NA,2.2,2.4,0.1,NA,0.09,0.11,17.1,2,1301,12,NA,NA,3022.44,0.829993893,102.53,0.02825,2.07e+08,30700,5232,1798,12300,130039,0,0,0
"CV","D4",38.0602,-121.824,0,"2014-10-27",10,8,2014,921,18.44,8.4,92.5,NA,9896,5.55,6.8,7.62,2.4,NA,0.05,0.45,2934,NA,2.1,2.3,0.3,NA,0.1,0.12,14,3,5832,14,NA,NA,717.7,0.212440927,92.7,0.02596,1.16e+09,5740,1440,0,2460,101879,0,0,0
"FieldCont","",NA,NA,1,"",10,8,2014,NA,NA,NA,NA,NA,NA,NA,NA,NA,NA,NA,NA,NA,NA,NA,NA,NA,NA,NA,NA,NA,NA,NA,NA,NA,NA,NA,NA,NA,NA,NA,NA,8,0,0,5,20,0,0,0
"FT","D19",38.0468,-121.6192,0,"2014-10-27",10,8,2014,1335,18.94,8.99,97,NA,1050,0.5,0.4,7.77,2,NA,0.04,0.34,226,NA,2.5,2.5,0.2,NA,0.09,0.1,16.3,1,582,2,NA,NA,3374.88,0.674644096,93.98,0.02405,5.11e+08,65300,11073,60,28500,320659,0,0,0
"JP","",38.0517,-121.6953,0,"2014-10-27",10,8,2014,926,18.92,8.54,92.6,NA,2258,1.13,4.8,7.49,1.9,NA,0.04,0.38,544,NA,2.5,2.4,0.2,NA,0.09,0.1,16.5,2,1270,8,NA,NA,2232.12,0.745714923,100.39,0.03605,5.98e+08,31400,11712,0,14100,157027,0.29,0,0
"MI","",37.9952,-121.5222,0,"2014-10-27",10,8,2014,1217,18.85,8.47,91.1,NA,578,0.26,-0.5,7.74,3.2,NA,0.02,0.21,105,NA,3.3,3.4,0.3,NA,0.09,0.1,16.2,0,318,1,NA,NA,1014.6,0.452527364,32.04,0.01241,4.88e+08,22000,9264,0,44400,347741,0,0,0
"OR","D28A",37.9706,-121.5725,0,"2014-10-27",10,8,2014,1306,18.91,8.33,90,NA,813,0.38,1.3,7.64,2.3,NA,0,0.08,165,NA,3.2,3.4,0.2,NA,0.08,0.09,13.6,0,452,1,NA,NA,950.52,0.235420595,40.05,0.01271,1.5e+08,17600,1920,632,30200,163594,0.3,0,0
"RR","P8",37.9633,-121.3663,0,"2014-10-27",10,8,2014,1332,19.97,7.3,80.5,NA,1366,0.66,6.1,7.45,2.9,NA,0.14,2.93,280,NA,4.1,4.2,0.6,NA,0.42,1.9,16.4,2,760,10,NA,NA,123.76,0.059591297,15.64,0.00685,8170000,6100,95,0,2320,181037,0,0,0
"RRrep","",37.9633,-121.3663,1,"2014-10-27",10,8,2014,1347,19.97,7.3,80.5,NA,1366,0.66,6.1,7.45,2.9,NA,0.14,2.92,280,NA,4,4,0.5,NA,0.48,1.9,16.5,2,759,10,NA,NA,121.75,0.077765825,13.56,NA,1.02e+08,4620,192,0,3670,123701,0.29,0,0
"SJ","",38.0347,-121.4834,0,"2014-10-27",10,8,2014,1246,19.02,7.33,79.2,NA,624,0.29,1.3,7.49,2.7,NA,0.03,0.46,112,NA,4.1,4.1,0.3,NA,0.11,0.12,15.6,1,346,2,NA,NA,982.56,0.371959245,93.98,0.03567,6.28e+08,27600,373,3,13800,159515,0,0,0
"VC","",37.872,-121.5277,0,"2014-10-27",10,8,2014,1223,18.63,8.94,96.2,NA,602,0.28,-0.1,7.66,3.5,NA,0.02,0.09,107,NA,3.6,3.6,0.2,NA,0.09,0.1,15,1,332,2,NA,NA,267,0.075487627,12.6,0.00367,1.8e+07,2270,485,0,3190,81214,0,0,0
"AT","D12",38.0232,-121.8071,0,"2014-11-10",11,9,2014,907,17.39,8.26,88.2,NA,6882,3.75,8.7,7.53,1.8,NA,0.05,0.45,1864,NA,1.9,2,0.3,NA,0.09,0.1,18,3,3796,14,NA,NA,519.05,0.143587109,38.66,0.01035,1.57e+08,19200,4024,0,13300,102926,0,0,0
"BI","",38.1159,-121.6845,0,"2014-11-10",11,9,2014,934,17.01,8.26,85.9,NA,1503,0.73,20,7.49,3.3,NA,0.09,0.5,369,NA,2,2.2,0.1,NA,0.08,0.1,18.6,3,833,13,NA,NA,1094.7,0.282989759,49.13,0.01605,7e+08,7420,2139,973,10700,71675,0,0,0
"CV","D4",38.0602,-121.824,0,"2014-11-10",11,9,2014,941,17.25,8.18,87.3,NA,7788,4.29,15.2,7.59,2,NA,0.05,0.46,2259,NA,1.9,2,0.2,NA,0.1,0.11,16.7,4,4348,17,NA,NA,531.01,0.175618078,59.44,0.01943,1.52e+08,3720,2448,0,6120,83041,0,0,0
"FieldCont","",NA,NA,1,"",11,9,2014,NA,NA,NA,NA,NA,NA,NA,NA,NA,NA,NA,NA,NA,NA,NA,NA,NA,NA,NA,NA,NA,NA,NA,NA,NA,NA,NA,NA,NA,NA,NA,NA,1,0,0,9,152,0,0,0
"FT","D19",38.0468,-121.6192,0,"2014-11-10",11,9,2014,1347,17.75,8.55,90.1,NA,954,0.45,1.3,7.58,1.3,NA,0.04,0.41,215,NA,2.5,2.6,0.2,NA,0.08,0.09,17.5,0,527,2,NA,NA,1153.44,0.328895812,46.46,0.0097,33200000,10700,518,11,28600,76347,0,0,0
"JP","",38.0517,-121.6953,0,"2014-11-10",11,9,2014,953,17.44,8.45,88.7,NA,1839,0.91,5,7.53,2.3,NA,0.05,0.48,463,NA,2.2,2.3,0.2,NA,0.08,0.09,17.2,2,1021,8,NA,NA,1340.34,0.489942413,80.1,0.02416,7.65e+08,19600,4656,365,26700,134536,0,0,0
"MI","",37.9952,-121.5222,0,"2014-11-10",11,9,2014,1213,18.12,8.14,86.2,NA,631,0.29,-0.7,8.33,3.1,NA,0.02,0.42,121,NA,3.4,3.5,0.4,NA,0.09,0.1,17,0,353,1,NA,NA,766.29,0.167803442,54.2,0.01314,2.31e+08,76,0,0,2270,2798,0,0,0
"OR","D28A",37.9706,-121.5725,0,"2014-11-10",11,9,2014,1312,17.42,8.53,89.2,NA,795,0.37,0.7,7.54,3.2,NA,0,0.19,170,NA,3.1,3.2,0.2,NA,0.08,0.08,15.7,0,447,2,NA,NA,2408.34,1.009821411,92.38,0.05455,1.75e+08,22700,855,6011,32100,112391,0.65,0,0
"RR","P8",37.9633,-121.3663,0,"2014-11-10",11,9,2014,NA,NA,NA,NA,NA,NA,NA,NA,NA,NA,NA,NA,NA,NA,NA,NA,NA,NA,NA,NA,NA,NA,NA,NA,NA,NA,NA,NA,NA,NA,NA,NA,NA,NA,NA,NA,NA,NA,NA,NA
"SJ","",38.0347,-121.4834,0,"2014-11-10",11,9,2014,1243,17.39,7.51,78.3,NA,642,0.29,2.8,7.69,2.6,NA,0.01,0.66,122,NA,3.4,3.4,0.4,NA,0.11,0.12,16.8,1,356,7,NA,NA,768.96,0.192662137,85.17,0.01468,2.08e+08,3080,0,0,5410,41174,0.63,0,0
"SJrep","",38.0347,-121.4834,1,"2014-11-10",11,9,2014,NA,NA,NA,NA,NA,NA,NA,NA,NA,NA,NA,0.02,0.67,121,NA,3.4,3.3,0.3,NA,0.11,0.13,16.35,1,356.5,8,NA,NA,795.66,0.177201595,41.65,NA,26300000,1170,47,0,13100,37118,0.31,0,0
"VC","",37.872,-121.5277,0,"2014-11-10",11,9,2014,1230,17.36,8.35,87.2,NA,665,0.31,0,7.49,2.1,NA,0,0.23,132,NA,3.6,3.6,0.4,NA,0.08,0.1,16,0,366,1,NA,NA,179.42,0.061228829,9.72,0.00678,4050000,764,0,0,5350,49605,0.28,0,0
"AT","D12",38.0232,-121.8071,0,"2014-11-24",11,10,2014,855,14.64,8.89,89.2,NA,6275,3.4,11.5,7.66,1.6,NA,0.1,0.55,1811,NA,1.9,2,0,NA,0.09,0.1,16.3,3,3548,16,NA,NA,279.21,0.069465359,36.92,0.01017,49300000,6390,624,0,4160,26682,0,0,0
"BI","",38.1159,-121.6845,0,"2014-11-24",11,10,2014,905,14.26,9.16,89.8,NA,1500,0.73,9,7.7,2.3,NA,0.13,0.58,352,NA,2.1,2.2,0,NA,0.08,0.09,19.2,2,830,10,NA,NA,477.55,0.145896021,40.43,0.01559,38800000,2740,576,0,17433,51413,0,0,0
"CV","D4",38.0602,-121.824,0,"2014-11-24",11,10,2014,924,14.65,8.92,90,NA,7825,4.31,9.8,7.66,3.8,NA,0.11,0.55,2231,NA,1.8,1.8,0,NA,0.09,0.1,16.3,2,4372,13,NA,NA,156.39,0.032843212,33.72,0.00628,1.4e+07,190,0,0,3930,16152,0,0,0
"FT","D19",38.0468,-121.6192,0,"2014-11-24",11,10,2014,1354,14.42,8.87,87,NA,945,0.45,5.1,7.7,2.7,NA,0.1,0.55,214,NA,2.5,2.6,0,NA,0.08,0.08,18.4,1,521,6,NA,NA,376.85,0.187985954,55.69,0.02422,33500000,872,0,25,25100,33270,0,0,0
"JP","",38.0517,-121.6953,0,"2014-11-24",11,10,2014,10,14.32,8.94,87.7,NA,1394,0.68,8,7.71,2.4,NA,0.1,0.56,363,NA,2.4,2.4,0,NA,0.08,0.08,18.3,2,773,11,NA,NA,393.63,0.193376243,62.4,0.0398,28400000,11000,559,0,51100,124689,0.9,0,0
"JPrep","",38.0517,-121.6953,1,"2014-11-24",11,10,2014,NA,NA,NA,NA,NA,NA,NA,NA,NA,NA,NA,0.09,0.56,358,NA,2.4,2.4,0.2,NA,0.08,0.1,17.9,2,771,12,NA,NA,520.27,0.223236761,118.4,NA,1.44e+08,1430,1536,0,13700,49046,0,0,0
"MI","",37.9952,-121.5222,0,"2014-11-24",11,10,2014,1218,14.52,9.49,93.2,NA,573,0.26,-0.6,7.76,3,NA,0.05,0.55,109,NA,3.2,3.1,0.1,NA,0.08,0.08,16.4,0,318.5,1,NA,NA,436.35,0.083727622,53.86,0.00923,595000,244,693,0,9250,35722,0,0,0
"OR","D28A",37.9706,-121.5725,0,"2014-11-24",11,10,2014,1323,14.29,8.79,86.1,NA,709,0.33,0.5,7.66,2.2,NA,0.06,0.4,148,NA,3,3.1,0.1,NA,0.07,0.08,16.4,0,397,1,NA,NA,315.82,0.226742152,32.35,0.02166,779000,2170,0,0,8410,18449,0,0,0
"RR","P8",37.9633,-121.3663,0,"2014-11-24",11,10,2014,1327,15.61,8.59,84.8,NA,851,0.4,7.3,7.4,2.7,NA,0.12,1.78,174,NA,2.9,3,0.1,NA,0.2,0.21,13.7,1,251,6,NA,NA,31.73,0.007786482,16.54,0.00441,0,303,0,0,171,47343,0.61,0,0
"SJ","",38.0347,-121.4834,0,"2014-11-24",11,10,2014,1408,14.46,8.97,87.5,NA,440,0.2,0.5,7.6,2,NA,0.08,0.58,75,NA,3,3,0.1,NA,0.08,0.08,17.4,0,244,2,NA,NA,355.19,0.078297253,65.18,0.01515,3400000,480,0,0,2970,11747,0,0,0
"VC","",37.872,-121.5277,0,"2014-11-24",11,10,2014,1238,14.43,8.83,86.7,NA,665,0.31,0.6,7.63,2.7,NA,0.03,0.47,131,NA,3.3,3.4,0.3,NA,0.08,0.08,15.7,1,369,2,NA,NA,115.19,0.060093663,10.3,0.00618,0,520,0,0,5190,37976,0,0,0
"AT","D12",38.0232,-121.8071,0,"2014-12-10",12,11,2014,915,14.11,8.09,79.5,NA,2854,1.46,15,7.43,2.2,NA,0.17,0.61,770,NA,2.8,3,0.4,NA,0.07,0.09,20.1,2,1579,16,NA,NA,52.33,0.019448976,11.21,0.00604,479000,1710,480,0,2680,18328,0,0,0
"BI","",38.1159,-121.6845,0,"2014-12-10",12,11,2014,944,13.86,7.64,74,NA,337,0.15,47,7.36,5,NA,0.21,0.53,64,NA,4.7,5.1,0.5,NA,0.06,0.1,20.8,3,224,33,NA,NA,53.4,0.036712215,27.53,0.76187,22400000,7,0,0,382,16019,0,0,0
"BIrep","",38.1159,-121.6845,1,"2014-12-10",12,11,2014,NA,NA,NA,NA,NA,NA,NA,NA,NA,NA,NA,0.19,0.53,55,NA,4.7,5.2,0.5,NA,0.06,0.1,20.8,5,248,31.5,NA,NA,18.16,0.014095858,28.57,NA,9210000,46,0,0,4490,16305,0,0,0
"CV","D4",38.0602,-121.824,0,"2014-12-10",12,11,2014,946,14.11,8.11,79.5,NA,3076,1.58,25.8,7.47,2.4,NA,0.23,0.59,843,NA,2.7,2.8,0.3,NA,0.08,0.09,20.5,5,1778,30,NA,NA,65.15,0.02097562,32.41,0.01725,2300000,34,0,0,307,4435,0,0,0
"FieldCont","",NA,NA,1,"",12,11,2014,NA,NA,NA,NA,NA,NA,NA,NA,NA,NA,NA,NA,NA,NA,NA,NA,NA,NA,NA,NA,NA,NA,NA,NA,NA,NA,NA,NA,NA,NA,NA,NA,0,0,0,6,150,0,0,0
"FT","D19",38.0468,-121.6192,0,"2014-12-10",12,11,2014,1421,14.06,8.32,81.1,NA,1178,0.57,4.8,7.53,2.4,NA,0.17,0.69,289,NA,3.1,3.1,0.3,NA,0.07,0.09,20.5,2,662,11,NA,NA,181.6,0.479755003,53.4,0.1777,22900000,948,96,0,23100,31007,0,0,0
"JP","",38.0517,-121.6953,0,"2014-12-10",12,11,2014,1016,14.12,8.1,79.2,NA,1722,0.85,13.1,7.46,2.7,NA,0.14,0.65,448,NA,2.9,3,0.3,NA,0.07,0.09,20.5,2,954,11,NA,NA,96,0.033472481,56.07,0.03713,48200000,5280,518,0,19300,41252,0,0,0
"MI","",37.9952,-121.5222,0,"2014-12-10",12,11,2014,1242,13.94,8.18,79.4,NA,457,0.21,0.1,7.54,2.8,NA,0.09,0.77,81,NA,3.2,3.3,0.6,NA,0.07,0.08,19.6,0,253,2,NA,NA,160.2,0.068488586,212.85,0.03849,3170000,240,288,0,2550,51091,0,0,0
"OR","D28A",37.9706,-121.5725,0,"2014-12-10",12,11,2014,1346,14.27,7.67,75.1,NA,858,0.4,0.6,7.46,2,NA,0.12,0.65,188,NA,3.1,3.2,0.3,NA,0.07,0.08,18.9,0,473,2,NA,NA,0.28,1.425095635,7.48,0.93155,401000,32,0,0,290,30747,0,0,0
"RR","P8",37.9633,-121.3663,0,"2014-12-10",12,11,2014,1308,13.94,7.51,72.9,NA,412,0.18,1.4,7.41,2.9,NA,0.08,2.28,191,NA,3.4,3.4,0.1,NA,0.27,0.29,13.7,1,245,3,NA,NA,39.52,0.014053761,24.4,0.00814,5600000,283,0,254,594,60865,0,0,0
"SJ","",38.0347,-121.4834,0,"2014-12-10",12,11,2014,1339,14.45,7.72,75.7,NA,912,0.43,2,7.44,2.4,NA,0.08,0.83,66,NA,3.6,3.6,0.3,NA,0.07,0.08,18.9,1,503,4,NA,NA,136.7,0.044086941,27.02,0.0107,1420000,1780,0,0,5840,33185,0,0,0
"VC","",37.872,-121.5277,0,"2014-12-10",12,11,2014,1303,14.08,8.25,80.3,NA,486,0.22,1,7.49,2.4,NA,0.07,0.79,86,NA,3.3,3.4,0.3,NA,0.07,0.08,18.5,1,270,3,NA,NA,89.71,0.146327522,33.27,0.04692,7900000,49,0,0,4720,26182,0,0,0
"AT","D12",38.0232,-121.8071,0,"2015-08-14",8,1,2015,840,22,8.99,105.3,NA,5254,2.81,22.8,7.96,2.9,NA,0.04,0.27,1440,NA,2.3,2.4,0.25,NA,0.09,0.12,11.9,5,2944,26,2.54,1.71,1432.19,0.365591829,170.29,NA,8.4e+08,3127,3123,8,174,5604,0.269349413,0,0
"ATrep","D12",38.0232,-121.8071,1,"2015-08-14",8,1,2015,NA,NA,NA,NA,NA,NA,NA,NA,NA,NA,NA,0.04,0.28,1408,NA,2.4,2.6,0.27,NA,0.08,0.12,11.7,4,2942,17,1.84,1.52,1954.97,0.377656511,223.91,NA,NA,5679,563,9,40,12729,0,0,0
"BI","",38.1159,-121.6845,0,"2015-08-14",8,1,2015,903,23.6,9.46,98.4,NA,1840,0.91,7.6,7.9,2.6,NA,0.02,0.24,466.4,NA,2.4,2.6,0.21,NA,0.06,0.1,12.6,1,1024,7,2.72,0.66,2096.48,0.785833085,41.65,NA,2.11e+09,11874,100,9,1507,40392,0.312532526,0,0
"CV","D4",38.0602,-121.824,0,"2015-08-14",8,1,2015,940,21.77,9.05,104.9,NA,5937,3.2,21.9,7.83,3,NA,0.04,0.33,1492,NA,2.1,2.3,0.21,NA,0.08,0.12,10.1,5,3322,22,2.32,1.42,791.39,0.246873982,67.6,NA,3.76e+08,2108,0,9,320,25692,0.268641481,0,0
"FieldCont","",NA,NA,1,"",8,1,2015,NA,NA,NA,NA,NA,NA,NA,NA,NA,NA,NA,NA,NA,NA,NA,NA,NA,NA,NA,NA,NA,NA,NA,NA,NA,NA,NA,NA,NA,NA,NA,NA,24,0,9,7,0,0,0,0
"FT","D19",38.0468,-121.6192,0,"2015-08-14",8,1,2015,1432,23.28,8.54,100.3,NA,819,0.38,2.4,8.26,1.3,NA,0.02,0.13,182.2,NA,2.9,2.9,0.19,NA,0.08,0.1,10.9,1,459,2,1.71,0,282.49,0.131195638,0,NA,2.37e+08,4765,0,9,139,37848,0.281516803,0,0
"JP","",38.0517,-121.6953,0,"2015-08-14",8,1,2015,943,22.7,8.53,99.4,NA,1741,0.86,11.7,7.94,2.4,NA,0.03,0.32,434.1,NA,2.5,2.6,0.22,NA,0.07,0.11,8.87,2,971,9.5,2.75,0.71,1338.74,0.819364146,59.27,NA,2.02e+09,498,593,8,47,153,1.065906638,0,0
"MI","",37.9952,-121.5222,0,"2015-08-14",8,1,2015,1411,24.56,9.02,108.8,NA,615,0.28,0.9,8.07,3.5,NA,0.01,0.11,122.07,NA,3.3,3.4,0.28,NA,0.06,0.1,10.2,1,341,0,4.17,0.69,469.87,0.28944341,8.71,NA,2.28e+08,15150,311,9,1665,207768,0,0,0
"OR","D28A",37.9706,-121.5725,0,"2015-08-14",8,1,2015,1345,24.94,7.45,90.2,NA,712,0.33,2,7.55,3.5,NA,0.02,0.1,148.1,NA,3.5,3.5,0.23,NA,0.07,0.1,9.53,1,395,2,3.66,0.77,489.68,0.513433003,14.95,NA,3.4e+08,4221,0,9,533,36333,0,0,0
"RR","P8",37.9633,-121.3663,0,"2015-08-14",8,1,2015,1248,26.29,8.72,108.6,NA,1617,0.79,4.5,7.96,5.1,NA,0.1,1.62,357.4,NA,5.3,5.5,0.45,NA,0.5,0.8,9.54,2,910,5,5.55,2.73,536.78,0.208308265,35.87,NA,2.47e+08,4437,0,9,303,8741,0,0,0
"SJ","",38.0347,-121.4834,0,"2015-08-14",8,1,2015,1330,24.81,8.96,108.2,NA,676,0.31,9,7.9,3.3,NA,0.02,0.21,135,NA,3.7,3.7,0.24,NA,0.09,0.13,9.53,2,373,5,4.02,1.11,820.58,0.429922452,58.35,NA,5.51e+08,4035,0,9,632,45348,0,0,0
"VC","",37.872,-121.5277,0,"2015-08-14",8,1,2015,1246,24.76,8.02,96.9,NA,714,0.33,3.6,7.7,5.6,NA,0.02,0.2,140.37,NA,4.6,4.7,0.35,NA,0.07,0.12,9.87,1,393.5,4,8.12,1.41,1141.69,0.918634993,29.55,NA,3.8e+08,1739,677,9,697,156,0,0,0
"AT","D12",38.0232,-121.8071,0,"2015-08-27",8,2,2015,812,21.57,9.18,105.3,NA,3904,2.04,11.4,7.92,2.3,NA,0.019,0.274,993,NA,2.3,2.5,0.33,NA,0.075,0.09,11.8,2,2224,14,2.5,0.89,2002.5,0.507041117,0,NA,1.94e+09,7387,2031,9,726,47515,0,0,0
"ATrep","",38.0232,-121.8071,1,"2015-08-27",8,2,2015,NA,NA,NA,NA,NA,NA,NA,NA,NA,NA,NA,0.016,0.273,1032.4,NA,2.3,2.4,0.35,NA,0.078,0.09,11.9,2,2218,14,2.06,1.03,1349.69,0.404109975,18.42,NA,NA,12922,0,9,477,68780,0,0,0
"BI","",38.1159,-121.6845,0,"2015-08-27",8,2,2015,920,22.38,8.86,102.4,NA,1262,0.61,11.1,7.96,2.3,NA,0.014,0.242,305,NA,2.4,2.4,0.15,NA,0.059,0.09,12.3,2,714,13,3.71,0.96,3129.24,0.856161949,56.47,NA,1.82e+09,3479,0,10,18,933,0,0,0
"CV","D4",38.0602,-121.824,0,"2015-08-27",8,2,2015,902,21.33,9.38,107,NA,4309,2.27,15.9,7.98,2.8,NA,0.024,0.373,1099.4,NA,2.05,2.1,0.16,NA,0.079,0.09,12.5,2,2396,20,2.13,0.76,1058.66,0.256952681,44.24,NA,9.55e+08,4052,2767,9,159,9238,0,0,0
"FieldCont","",NA,NA,1,"",8,2,2015,NA,NA,NA,NA,NA,NA,NA,NA,NA,NA,NA,NA,NA,NA,NA,NA,NA,NA,NA,NA,NA,NA,NA,NA,NA,NA,NA,NA,NA,NA,NA,NA,23,0,9,6,0,0,0,0
"FT","D19",38.0468,-121.6192,0,"2015-08-27",8,2,2015,1435,22.67,8.66,100.5,NA,754,0.35,3,8.24,1.5,NA,0.011,0.128,172.4,NA,2.7,3.1,0.17,NA,0.064,0.09,10.8,1,426,3,1.66,0,782.31,0.298291478,6.78,NA,79400000,17627,222,11,953,183800,0,0,0
"JP","",38.0517,-121.6953,0,"2015-08-27",8,2,2015,1025,22.39,8.85,102.3,NA,1326,0.64,11.9,8.01,2.1,NA,0.017,0.299,272,NA,2.4,2.5,0.14,NA,0.075,0.09,12.2,2,757,11,4.01,0.91,3234.71,0.982570191,0,NA,8.29e+08,12882,288,13,6289,55699,0,0,0
"MI","",37.9952,-121.5222,0,"2015-08-27",8,2,2015,1306,24.16,9.48,112.8,NA,620,0.28,0.5,8.2,2.7,NA,0,0.0995,120.5,NA,3.3,3.3,0.21,NA,0.057,0.08,9.84,1,343,2,4.45,0,1747.52,0.686252552,0,NA,2.85e+08,5674,2035,9,2441,5565,0,0,0
"OR","D28A",37.9706,-121.5725,0,"2015-08-27",8,2,2015,1400,23.91,7.64,90.7,NA,703,0.33,4.2,7.61,2.7,NA,0.011,0.066,148,NA,3.3,3.4,0.2,NA,0.074,0.09,9.32,1,388,6,4.26,1.32,2022.53,0.903358141,18.42,NA,5.9e+08,7955,0,9,5171,115282,0,0,0
"RR","P8",37.9633,-121.3663,0,"2015-08-27",8,2,2015,1200,26.61,7.46,92.8,NA,1634,0.8,2.6,7.78,4,NA,0.083,1.88,412,NA,5.2,5.3,0.56,NA,0.46,0.75,10.5,1,918,5,5.2,2.51,1520.57,0.51718061,40.98,NA,2.77e+08,29495,324,9,10069,440342,0,0,0
"SJ","",38.0347,-121.4834,0,"2015-08-27",8,2,2015,1238,24.6,8.68,104.6,NA,647,0.3,1.1,8.18,3.6,NA,0.01,0.214,136,NA,3.7,3.7,0.28,NA,0.095,0.1,9.34,1,356,3,5.6,0.79,1762.2,1.04437744,27.37,NA,8.35e+08,4508,2500,9,1004,36,0.538574974,0,0
"VC","",37.872,-121.5277,0,"2015-08-27",8,2,2015,1310,25.26,7.36,89.4,NA,694,0.32,4.7,7.55,3.3,NA,0,0.058,138.03,NA,4.2,4.3,0.25,NA,0.059,0.09,8.34,1,385,4,8.55,1.21,5318.64,1.217574351,0,NA,8.41e+09,27331,1697,11,12250,381198,0,0,0
"AT","D12",38.0232,-121.8071,0,"2015-09-16",9,3,2015,827,20.56,8.44,96.8,NA,9593,5.37,9.6,7.53,2.1,NA,0.02,0.28,2574,NA,2.05,2.1,0.33,NA,0.06,0.11,11.4,4,5344,17,2.84,0.99,1704.53,0.6246544,0,NA,5.64e+08,1058,0,9,189,4663,0,0,0
"ATrep","",38.0232,-121.8071,1,"2015-09-16",9,3,2015,NA,NA,NA,NA,NA,NA,NA,NA,NA,NA,NA,0.01,0.32,2730,NA,2,2,0.34,NA,0.07,0.12,11.9,4,5336,18,2.68,0.59,1851.91,0.636839753,24.56,NA,NA,6257,323,9,1264,114345,0.311394831,0,0
"BI","",38.1159,-121.6845,0,"2015-09-16",9,3,2015,826,21.22,8.78,99.8,NA,3635,1.89,9.9,7.93,1.6,NA,0.02,0.3,1001.25,NA,2.2,2.4,0.29,NA,0.06,0.11,14.1,2,2076,12,2.95,0.65,1982.21,0.767462169,0,NA,3.98e+08,7757,349,9,1680,58553,0,0,0
"CV","D4",38.0602,-121.824,0,"2015-09-16",9,3,2015,930,20.62,8.99,103.2,NA,9878,5.54,9.4,7.76,2.4,NA,0.02,0.25,2774,NA,1.9,2,0.32,NA,0.05,0.11,12.1,3,5556,19,2.29,0.81,654.9,0.223690243,44.56,NA,1.61e+08,3935,39,9,353,110229,0.313723798,0,0
"FieldCont","",NA,NA,1,"",9,3,2015,NA,NA,NA,NA,NA,NA,NA,NA,NA,NA,NA,NA,NA,NA,NA,NA,NA,NA,NA,NA,NA,NA,NA,NA,NA,NA,NA,NA,NA,NA,NA,NA,20,0,9,6,0,0,0,0
"FT","D19",38.0468,-121.6192,0,"2015-09-16",9,3,2015,1338,21.57,9.97,113.4,NA,954,0.45,1.4,8.42,1.2,NA,0.02,0.17,265,NA,2.8,2.8,0.29,NA,0.07,0.09,15,0,615,1,2.16,0,889,0.474668683,0,NA,2.6e+08,5699,161,9,1947,111952,0,0,0
"JP","",38.0517,-121.6953,0,"2015-09-16",9,3,2015,927,21.52,8.87,101.3,NA,3036,1.56,8.3,8.01,2,NA,0.02,0.38,903.48,NA,2.2,2.2,0.22,NA,0.09,0.11,14.1,2,1782,10,3.37,0.58,2143.48,0.552642327,7.37,NA,3.61e+08,10279,683,9,7570,47019,0.251444836,0,0
"MI","",37.9952,-121.5222,0,"2015-09-16",9,3,2015,1313,22.76,9.24,107.5,NA,558,0.25,0.2,7.92,3.8,NA,0,0.15,104,NA,2.8,3.1,0.26,NA,0.05,0.09,11.2,0,316,2,4.94,0,1981.4,0.725067795,0,NA,3.05e+08,39679,2725,9,7167,685733,0.391960691,0,0
"OR","D28A",37.9706,-121.5725,0,"2015-09-16",9,3,2015,1305,22.72,7.77,90.3,NA,670,0.31,3.8,7.76,3.1,NA,0,0.14,132.5,NA,2.9,3.1,0.25,NA,0.06,0.1,11,1,371,4,4.24,0.79,1834.48,1.24133794,18.73,NA,60600000,18423,1708,9,16532,102297,0.361640626,0,0
"RR","P8",37.9633,-121.3663,0,"2015-09-16",9,3,2015,1205,24.41,10.05,122.5,NA,1501,0.73,6.6,7.67,3.6,NA,0.19,2.16,314,NA,5.3,5.3,0.66,NA,0.42,0.68,11.7,1,843,11,3.07,1.29,94.06,0.020694934,8.28,NA,81600000,2614,294,9,717,385353,0,0,0
"SJ","",38.0347,-121.4834,0,"2015-09-16",9,3,2015,1242,22.96,8.26,96.9,NA,520,0.24,1.4,7.76,3.8,NA,0.01,0.18,98,NA,3.1,3.2,0.24,NA,0.05,0.1,10.5,1,288,4,5.06,0.72,2827,1.19752448,16.87,NA,90200000,48421,619,9,16491,361600,0.256922263,0,0
"VC","",37.872,-121.5277,0,"2015-09-16",9,3,2015,1216,22.38,8.22,94.7,NA,603,0.28,4.5,7.79,3.6,NA,0.02,0.13,122,NA,3.6,3.6,0.23,NA,0.06,0.1,10.6,1,334,5,4.34,0.95,2029.2,1.01844045,0,NA,1.54e+08,19200,4269,9,8211,286040,0.324937471,0,0
"AT","D12",38.0232,-121.8071,0,"2015-09-28",9,4,2015,815,21.23,7.95,91.9,NA,7677,4.22,9.8,7.55,2.4,NA,0.02,0.37,2389,NA,2.1,2.2,0.32,NA,0.09,0.12,12.8,3,4628,25,2.15,1.11,1710.94,0.299123886,4.81,NA,3.02e+08,4994,2699,9,4974,136870,0.421547484,0,0
"ATrep","D12",38.0232,-121.8071,1,"2015-09-28",9,4,2015,NA,NA,NA,NA,NA,NA,NA,NA,NA,NA,NA,0.02,0.37,2120,NA,2,2.1,0.32,NA,0.09,0.13,13.2,2,4624,16,1.83,0.75,1028.48,0.210667143,23.39,NA,NA,9460,184,9,5707,170580,0,0,0
"BI","",38.1159,-121.6845,0,"2015-09-28",9,4,2015,830,21.74,10.7,92.3,NA,2822,1.44,10.4,7.7,1.9,NA,0.03,0.36,767.31,NA,2.2,2.3,0.21,NA,0.08,0.12,15.3,3,1567,17,3.13,1.27,2259.89,0.694336758,0,NA,1.04e+08,13824,666,9,20972,119328,0.344561399,0,0
"CV","D4",38.0602,-121.824,0,"2015-09-28",9,4,2015,930,20.85,8.13,93.4,NA,8409,4.66,10.2,7.72,2.3,NA,0.03,0.41,2520,NA,2,2.1,0.31,NA,0.1,0.13,14.1,4,4752,18,2.15,0.72,948.38,0.19117339,27.98,NA,2.21e+08,14549,334,9,1954,153348,0.389329768,0,0
"FieldCont","",NA,NA,1,"",9,4,2015,NA,NA,NA,NA,NA,NA,NA,NA,NA,NA,NA,NA,NA,NA,NA,NA,NA,NA,NA,NA,NA,NA,NA,NA,NA,NA,NA,NA,NA,NA,NA,NA,21,0,9,8,71,0,0,0
"FT","D19",38.0468,-121.6192,0,"2015-09-28",9,4,2015,1350,22.14,8.26,94.7,NA,409,0.18,2,8.08,1.7,NA,0.02,0.16,204,NA,2.7,2.8,0.2,NA,0.09,0.11,14.7,2,502,4,3.39,0.61,1380.92,0.760525735,0,NA,95800000,17284,182,9,13770,262230,0.265763832,0,0
"JP","",38.0517,-121.6953,0,"2015-09-28",9,4,2015,910,21.64,10.1,91.2,NA,2716,1.38,10,7.68,1.4,NA,0.04,0.37,723.13,NA,2.2,2.3,0.26,NA,0.09,0.12,15.6,2,1515,15,3.13,1.03,1611.61,0.470683093,0,NA,1.61e+08,19783,34,9,7902,117708,0,0,0
"MI","",37.9952,-121.5222,0,"2015-09-28",9,4,2015,1328,22.89,8.07,94.2,NA,555,0.25,0.5,7.64,3.6,NA,0.02,0.22,108,NA,2.9,2.9,0.26,NA,0.08,0.11,13.6,0,307,2,3.97,0.65,1065.86,0.348439695,15.91,NA,23700000,20908,1168,28,5811,478163,0.303027712,0,0
"OR","D28A",37.9706,-121.5725,0,"2015-09-28",9,4,2015,1155,22.81,7.25,84.3,NA,664,0.31,3.1,7.64,2.3,NA,0.01,0.11,135,NA,3,3.1,0.23,NA,0.06,0.1,12.1,1,368,5,4.29,1.28,727.52,0.404205456,8.12,NA,39600000,9918,576,9,13129,284084,0.301130009,0,0
"RR","P8",37.9633,-121.3663,0,"2015-09-28",9,4,2015,1207,23.81,7.39,87.7,NA,1272,0.61,5.7,7.59,4.6,NA,0.11,2.38,253.34,NA,5.1,4.5,0.57,NA,0.42,0.82,14.8,2,705,10,5.37,2.09,52.55,0.016757907,12.87,NA,5070000,3328,12,9,63,197016,0,0,0
"SJ","",38.0347,-121.4834,0,"2015-09-28",9,4,2015,1252,22.94,7.23,84.2,NA,625,0.29,1.4,7.64,3.7,NA,0.02,0.33,116.1,NA,3.3,3.7,0.35,NA,0.1,0.13,12.1,1,346,4,3.96,1,1660.74,0.539800732,54.25,NA,2.63e+08,19015,1398,9,17694,440120,0,0,0
"VC","",37.872,-121.5277,0,"2015-09-28",9,4,2015,1243,23.33,7.58,88.9,NA,609,0.28,3.3,7.54,3.4,NA,0.01,0.08,117,NA,3.4,3.5,0.25,NA,0.07,0.1,10.04,1,336,5,5.74,1.31,1495.2,0.530067646,81.49,NA,3.31e+08,14134,982,9,12424,400212,0,0,0
"AT","D12",38.0232,-121.8071,0,"2015-10-14",10,5,2015,815,20.64,7.98,91,NA,8023,4.43,50.7,7.41,2.3,NA,0.03,0.23,2302,NA,2,2.1,0.2,NA,0.07,0.15,13.143,4,4476,30,1.76,1.27,265.93,0.081214561,57.03,NA,1.46e+08,272,94,9,1729,97680,0,0,0
"ATrep","D12",38.0232,-121.8071,1,"2015-10-14",10,5,2015,NA,NA,NA,NA,NA,NA,NA,NA,NA,NA,NA,0.04,0.43,2334,NA,1.9,2.1,0.25,NA,0.1,0.16,13.448,4,4480,31,1.61,1.47,207.19,0.07343083,40.26,NA,NA,254,0,9,336,125868,0,0,0
"BI","",38.1159,-121.6845,0,"2015-10-14",10,5,2015,825,20.9,8.34,93.8,NA,2259,1.14,11.2,7.59,1.3,NA,0.05,0.43,665.3,NA,2.7,2.1,0.17,NA,0.09,0.13,15.638,2,1276,11,2.57,0.66,395.69,0.110797517,24.23,NA,1.32e+08,798,21,9,4169,68155,0,0,0
"CV","D4",38.0602,-121.824,0,"2015-10-14",10,5,2015,902,20.51,8.34,94.9,NA,9538,5.34,76,7,1.9,NA,0.04,0.44,2749.06,NA,2,2,0.26,NA,0.11,0.14,13.115,2,5484,15,1.23,0.75,110.43,0.036635028,20.62,NA,53200000,855,5,9,165,109521,0,0,0
"FieldCont","",NA,NA,1,"",10,5,2015,NA,NA,NA,NA,NA,NA,NA,NA,NA,NA,NA,NA,NA,NA,NA,NA,NA,NA,NA,NA,NA,NA,NA,NA,NA,NA,NA,NA,NA,NA,NA,NA,23,0,9,6,0,0,0,0
"FT","D19",38.0468,-121.6192,0,"2015-10-14",10,5,2015,1308,21.51,8.2,93.2,NA,1108,0.53,6.9,7.82,1,NA,0.02,0.25,268.5,NA,2.3,2.4,0.23,NA,0.08,0.12,14.275,1,626,8,4.49,0.76,1082.95,0.629458592,4.81,NA,3.89e+08,4310,475,9,4205,77859,0.294569312,0,0
"JP","",38.0517,-121.6953,0,"2015-10-14",10,5,2015,900,21.12,8.22,93.1,NA,2233,1.12,10.9,7.72,1.9,NA,0.03,0.37,596,NA,2.1,2.2,0.19,NA,0.09,0.12,14.135,2,1274,15,3.34,1.24,905.13,0.430970954,14.04,NA,2.71e+08,2858,1983,9,5513,69324,0,0,0
"MI","",37.9952,-121.5222,0,"2015-10-14",10,5,2015,1331,21.81,8.33,95,NA,56.7,0.02,0.2,7.18,3.4,NA,0.01,0.23,110,NA,3,3.1,0.23,NA,0.08,0.11,12.273,0,315,3,4.02,0.66,591.14,0.222526419,9.93,NA,34300000,12958,596,9,4895,460260,0.258517261,0,0
"OR","D28A",37.9706,-121.5725,0,"2015-10-14",10,5,2015,1130,22.12,7.47,85.8,NA,722,0.33,2.4,7.68,2.3,NA,0.01,0.12,154.4,NA,2.9,3,0.2,NA,0.08,0.11,10.792,1,407,6,3.57,1.03,624.35,0.39205273,38.47,NA,1.65e+08,3732,369,9,5002,125318,0.294009939,0,0
"RR","P8",37.9633,-121.3663,0,"2015-10-14",10,5,2015,1206,23.14,7.87,91.8,NA,916,0.43,1.2,7.62,4.1,NA,0.05,1.75,154.55,NA,4,4.1,0.39,NA,0.39,0.5,16.175,1,505,5,5.07,0.87,138.41,0.051623978,38.39,NA,81800000,274,0,9,7,339499,0,0,0
"SJ","",38.0347,-121.4834,0,"2015-10-14",10,5,2015,1253,22.31,8.05,92.4,NA,597,0.27,0.7,7.25,3.7,NA,0.01,0.31,113,NA,3.2,3.3,0.34,NA,0.09,0.14,10.956,0,329,3,4.6,0.91,1215.6,0.953802401,217.78,NA,1.06e+09,3337,0,9,2010,206260,0,0,0
"VC","",37.872,-121.5277,0,"2015-10-14",10,5,2015,1210,22.32,7.8,90.5,NA,631,0.29,1.3,7.58,3.2,NA,0.01,0.12,125,NA,3.4,3.4,0.29,NA,0.07,0.1,10.229,0,349,2,4.05,0.93,1091.5,0.276483252,4.11,NA,7.26e+08,4260,18,9,2673,303469,0.265839546,0,0
"AT","D12",38.0232,-121.8071,0,"2015-10-27",10,6,2015,840,19.5,8.28,91.5,NA,5828,3.14,NA,7.35,2.2,NA,0.04,0.47,1717.05,NA,1.9,2.1,0.18,NA,0.1,0.11,12.477,3,3336,17,1.4,0.9,313.35,0.108972173,20.98,NA,1.51e+08,3112,0,9,3296,100212,0.268941315,0,0
"ATrep","D12",38.0232,-121.8071,1,"2015-10-27",10,6,2015,NA,NA,NA,NA,NA,NA,NA,NA,NA,NA,NA,0.03,0.45,1514.5,NA,1.8,2,0.2,NA,0.1,0.12,12.534,3,3230,18,1.63,0.96,666,0.142039831,48.25,NA,NA,247,0,8,1494,69300,0.321722734,0,0
"BI","",38.1159,-121.6845,0,"2015-10-27",10,6,2015,849,19.79,8.25,90.8,NA,1676,0.82,9.3,7.5,1.1,NA,0.04,0.42,431.5,NA,2.1,2.1,0.13,NA,0.09,0.11,14.271,2,924,12,2.23,0.98,611.16,0.244133183,14,NA,3.96e+08,1926,0,9,4634,36847,0.308807081,0,0
"CV","D4",38.0602,-121.824,0,"2015-10-27",10,6,2015,940,19.27,8.5,93.8,NA,6782,3.69,NA,7.42,2.3,NA,0.05,0.5,1940,NA,1.8,1.8,0.21,NA,0.1,0.11,12.923,3,3784,17,1.36,0.66,169.71,0.036658519,14.8,NA,48500000,62,0,9,156,43561,0.32182451,0,0
"FieldCont","",NA,NA,1,"",10,6,2015,NA,NA,NA,NA,NA,NA,NA,NA,NA,NA,NA,NA,NA,NA,NA,NA,NA,NA,NA,NA,NA,NA,NA,NA,NA,NA,NA,NA,NA,NA,NA,NA,22,0,8,6,0,0,0,0
"FT","D19",38.0468,-121.6192,0,"2015-10-27",10,6,2015,1333,19.86,8.28,91.1,NA,1122,0.54,10.6,7.68,1.7,NA,0.05,0.4,273,NA,2.2,2.7,0.16,NA,0.08,0.11,13.652,3,621,17,3.05,1.21,589.11,0.49070854,29.16,NA,6.29e+08,2299,0,9,7289,110144,0.292891253,0,0
"JP","",38.0517,-121.6953,0,"2015-10-27",10,6,2015,920,19.73,8.32,91.5,NA,1682,0.83,9.1,7.57,1.6,NA,0.04,0.43,431.5,NA,2.1,2.1,0.18,NA,0.09,0.1,14.233,2,936,12,2.24,0.99,418.02,0.357210211,15.29,NA,5.59e+08,680,0,9,4393,73270,0,0,0
"MI","",37.9952,-121.5222,0,"2015-10-27",10,6,2015,1400,20.08,7.73,85,NA,609,0.28,1.4,7.69,3.4,NA,0.02,0.28,122,NA,2.9,2.9,0.22,NA,0.08,0.1,11.717,0,342,2,3.42,0.69,848.21,0.193910218,2.53,NA,93200000,5903,30,8,4955,131515,0,0,0
"OR","D28A",37.9706,-121.5725,0,"2015-10-27",10,6,2015,1200,19.97,7.43,81.9,NA,798,0.37,2.3,7.46,2.4,NA,0.03,0.14,175.4,NA,3.1,3.2,0.18,NA,0.07,0.1,10.365,1,441,4,2.4,0.86,297.76,0.244754979,11.22,NA,3.01e+08,3249,0,8,1970,74527,0.258212176,0,0
"RR","P8",37.9633,-121.3663,0,"2015-10-27",10,6,2015,1238,20.85,7.22,80.9,NA,776,0.36,1.9,7.32,3.4,NA,0.07,1.56,124,NA,3.9,3.5,0.36,NA,0.38,0.38,16.18,1,423,3,3.59,1.05,59.59,0.022033738,15.54,NA,99300000,23,0,9,6,325106,0,0,0
"SJ","",38.0347,-121.4834,0,"2015-10-27",10,6,2015,1322,20.14,7.49,82.5,NA,568,0.26,2,7.73,3.2,NA,0.03,0.44,106.45,NA,3,3.2,0.23,NA,0.11,0.12,10.988,0,315,2,2.9,1.15,1253.83,0.310909931,54.47,NA,2.02e+08,3411,0,9,2379,98741,0,0,0
"VC","",37.872,-121.5277,0,"2015-10-27",10,6,2015,1241,20,7.97,87.8,NA,669,0.31,1.7,7.55,3.6,NA,0.01,0.17,135,NA,3.6,3.7,0.33,NA,0.07,0.1,10.081,1,371,3,3.88,1.14,326.27,0.162816839,11.87,NA,2.61e+08,15382,0,9,16770,220282,0.313230967,0,0
"AT","D12",38.0232,-121.8071,0,"2015-11-17",11,7,2015,825,13.5,9.28,90.6,NA,5589,3,13,7.73,4,NA,0.07,0.5,1590,NA,3.2,2.4,0.23,NA,0.08,0.13,13.055,2,3172,18,1.98,1.03,332.9,0.089119879,31.91,NA,1.07e+08,94,11,11,3940,83308,0,0,0
"ATrep","D12",38.0232,-121.8071,1,"2015-11-17",11,7,2015,NA,NA,NA,NA,NA,NA,NA,NA,NA,NA,NA,0.07,0.43,1592,NA,2,2.1,0.24,NA,0.06,0.13,13.075,2,3174,18,1.67,0.69,218.51,0.068851677,11.9,NA,NA,155,125,9,1387,93529,0,0,0
"BI","",38.1159,-121.6845,0,"2015-11-17",11,7,2015,850,13.6,9.51,91.9,NA,1739,0.86,12.7,7.66,3,NA,0.11,0.61,442,NA,2.2,2.2,0.21,NA,0.09,0.14,14.578,3,957,16,3.58,1.19,715.03,0.403500575,29.96,NA,12300000,143,13,9,8550,199620,0.27707714,0,0
"CV","D4",38.0602,-121.824,0,"2015-11-17",11,7,2015,915,13.87,9.33,93.4,NA,9911,5.56,10.4,7.81,3.5,NA,0.09,0.55,2978,NA,1.8,1.9,0.35,NA,0.09,0.14,12.618,3,5800,16,1.36,0,40.69,0.012558991,6.78,NA,3160000,26,0,9,26,67200,0.253483145,0,0
"FieldCont","",NA,NA,1,"",11,7,2015,NA,NA,NA,NA,NA,NA,NA,NA,NA,NA,NA,NA,NA,NA,NA,NA,NA,NA,NA,NA,NA,NA,NA,NA,NA,NA,NA,NA,NA,NA,NA,NA,21,0,9,6,36,0,0,0
"FT","D19",38.0468,-121.6192,0,"2015-11-17",11,7,2015,1329,13.81,10.24,99,NA,1031,0.49,6.7,7.94,3.3,NA,0.07,0.48,238,NA,2.6,2.7,0.22,NA,0.07,0.11,12.264,2,575.5,8,7.92,1.18,2879.33,3.111711044,22.86,NA,23300000,153,10,9,1350,364835,0,0,0
"JP","",38.0517,-121.6953,0,"2015-11-17",11,7,2015,925,13.78,9.6,93.5,NA,2546,1.29,11.2,7.79,2.1,NA,0.07,0.48,668.2,NA,2.2,2.3,0.2,NA,0.07,0.12,13.004,2,1419,15,4.13,0.94,1045.57,0.931676952,0,NA,22600000,2446,19,8,13179,257412,0,0,0
"MI","",37.9952,-121.5222,0,"2015-11-17",11,7,2015,1255,13.33,10.43,99.9,NA,575,0.26,2.4,8,4.8,NA,0.03,0.45,108,NA,3.5,3.3,0.35,NA,0.08,0.12,10.124,1,324,4,12.81,0.76,3919.56,3.233929335,213.17,NA,11900000,2469,119,9,4332,2076396,0,0,0
"OR","D28A",37.9706,-121.5725,0,"2015-11-17",11,7,2015,1138,12.92,9.5,90.3,NA,796,0.37,3.2,7.77,2,NA,0.04,0.3,170,NA,3,3.5,0.2,NA,0.07,0.1,10.747,1,441,5,3.26,1.09,1082.42,0.754356685,23.28,NA,4560000,2887,0,8,17092,189508,0.260703775,0,0
"RR","P8",37.9633,-121.3663,0,"2015-11-17",11,7,2015,1245,14.14,8.83,85.8,NA,384,0.17,6.4,7.74,5,NA,0.06,0.99,55,NA,3.1,3.2,0.46,NA,0.17,0.24,13.106,2,214,9,2.7,0.58,43.15,0.007637578,34.19,NA,5740000,22,0,8,9,106446,0,0,0
"SJ","",38.0347,-121.4834,0,"2015-11-17",11,7,2015,1330,13.44,10.24,98.3,NA,504,0.23,3.6,7.99,7.9,NA,0.02,0.54,83.52,NA,3.2,3.5,0.5,NA,0.1,0.16,11.119,2,279,6,9.52,1.13,16895.76,8.35441337,915.81,NA,2.05e+08,865,0,14,4353,1432546,0,0,0
"VC","",37.872,-121.5277,0,"2015-11-17",11,7,2015,1215,12.52,10.04,94.6,NA,674,0.31,1.7,7.85,2.1,NA,0.02,0.4,129,NA,3.7,3.5,0.27,NA,0.07,0.12,11.195,1,375,2,3.13,0.54,169.22,0.139115384,11.48,NA,50200000,498,0,9,8119,180962,0,0,0
"AT","D12",38.02161,-121.8063,0,"2016-06-09",6,1,2016,625,20.35,8.36,NA,28,2110,1.05,30.3,7.73,NA,5.6,0.05,0.29,550,23,2.4,3,0.2,0.4,0.07,0.11,9.2,5,1170,36,6.38,2.06,NA,NA,NA,NA,9940000,48,0,0,35928,376308,0,0,0
"FT","D19",38.04376,-121.6148,0,"2016-06-09",6,1,2016,730,21.28,8.13,NA,64,301,0.13,12.4,7.71,NA,4.3,0.05,0.25,43,12,2.4,2.7,0.4,0.5,0.06,0.08,9.2,2,163,11,2.95,1.85,NA,NA,NA,NA,6490000,5774,3374,0,2706,473280,0,0.02,0
"OR","D28A",37.97048,-121.573,0,"2016-06-09",6,1,2016,830,22.26,7.36,NA,100,237,0.1,8.1,7.57,NA,3.6,0.04,0.16,25,12,2.9,3,0.2,0.4,0.05,0.1,8.7,2,128,7,2.68,1.82,NA,NA,NA,NA,24300000,11040,9893,0,75680,880387,0,0,0
"","D16",38.0969,-121.6691,0,"2016-06-10",6,1,2016,540,21.36,8.26,NA,80,274,0.12,11.7,7.74,NA,3.2,0.07,0.27,40,11,2.4,2.5,0.2,0.5,0.06,0.08,9.9,2,151,13,3.02,1.95,NA,NA,NA,NA,5820000,538,480,0,3770,393398,0,0,0
"","D26",38.07664,-121.5669,0,"2016-06-10",6,1,2016,630,21.82,7.99,NA,120,183,0.08,7.7,7.63,NA,3.1,0.1,0.25,15,11,2.4,2.4,0.2,0.4,0.06,0.08,10.9,1,99,7,2.1,1.61,NA,NA,NA,NA,22300000,343,49,0,99563,797743,0,0,0
"","MD10A",38.04226,-121.4199,0,"2016-06-10",6,1,2016,750,23.57,7.16,NA,184,269,0.12,2.9,7.57,NA,4.6,0.03,0.12,29,16,3.9,3.9,0.3,0.4,0.12,0.14,6.6,1,144,4,5.44,1.74,NA,NA,NA,NA,1.01e+08,20718,17167,0,33514,1529204,0,0,0
"RR","P8",37.97817,-121.3823,0,"2016-06-10",6,1,2016,900,24.34,6.65,NA,88,536,0.24,8.5,7.4,NA,4.8,0.07,0.69,90,21,5.5,4.7,0.4,0.7,0.18,0.23,9.3,1,289,10,3.9,1.63,NA,NA,NA,NA,26500000,7046,5036,0,4327,504154,0,0,0
"CV","D4",38.06248,-121.8205,0,"2016-06-13",6,1,2016,1120,20.42,8.51,NA,24,3878,2.03,35.9,7.87,NA,4.1,0.06,0.26,1081,36,3.7,2.5,0.2,0.4,0.06,0.12,9.9,8,2130,45,4.59,2.17,NA,NA,NA,NA,4600000,29,0,0,33,180585,0,0,0
"","D8",38.05992,-121.99,0,"2016-06-13",6,1,2016,925,20.19,8.51,NA,40,9231,5.15,21.6,7.87,NA,3.8,0.07,0.28,2765,74,1.8,1.9,0.3,0.4,0.07,0.1,9.6,7,5388,34,0.78,0,NA,NA,NA,NA,1880000,32,0,0,432,436821,0,0,0
"","D22",38.08453,-121.7391,0,"2016-06-13",6,1,2016,1235,20.88,8.66,NA,32,264,0.11,31.7,7.87,NA,6.2,0.11,0.3,37,10,2.1,2.6,0.2,0.5,0.06,0.11,12.2,7,140,39,10.62,3.44,NA,NA,NA,NA,945000,0,64,0,4715,6502240,0,0,0
"FieldCont","FieldCont",NA,NA,1,"",6,1,2016,NA,NA,NA,NA,NA,NA,NA,NA,NA,NA,NA,NA,NA,NA,NA,NA,NA,NA,NA,NA,NA,NA,NA,NA,NA,NA,NA,NA,NA,NA,NA,NA,0,0,0,0,67,0,0,0
"AT","D12",38.02161,-121.8063,0,"2016-07-11",7,2,2016,905,21.66,8.2,NA,48,1912,0.95,19.8,7.64,NA,2.8,0.06,0.24,479,20,1.9,2.1,0.2,0.4,0.06,0.09,10.1,3,997,18,4.54,0.83,NA,NA,NA,NA,1.14e+09,2748,1680,0,46660,381708,0,0,0
"FT","D19",38.04376,-121.6148,0,"2016-07-11",7,2,2016,1015,22.11,8.49,NA,100,524,0.24,8.2,7.78,NA,2.1,0.02,0.16,106,12,2,2.1,0.2,0.3,0.04,0.06,10.2,0,274,6,4.23,1.27,NA,NA,NA,NA,3.29e+09,95241,82359,306,26824,802127,1.57,0,0
"OR","D28A",37.97048,-121.573,0,"2016-07-11",7,2,2016,1115,23.09,8.36,NA,180,377,0.17,5.1,7.86,NA,4.5,0,0.06,70,12,2.2,2.2,0.3,0.4,0.04,0.06,8.5,0,209,4,4.3,1.69,NA,NA,NA,NA,2.51e+09,62388,39284,0,18695,1360501,1.59,0,0.26
"","D16",38.0969,-121.6691,0,"2016-07-12",7,2,2016,855,22.17,8.41,NA,88,457,0.21,8.6,7.74,NA,2.6,0.04,0.2,90,11,2,2.1,0.3,0.4,0.04,0.09,10.2,1,241,9,4.88,1.48,NA,NA,NA,NA,7.78e+09,108146,64642,0,12577,647939,0.06,0,0
"","D26",38.07664,-121.5669,0,"2016-07-12",7,2,2016,945,22.27,9.13,NA,108,162,0.07,5.7,7.75,NA,7,0.05,0.17,15,9,1.8,1.9,0.2,0.4,0.04,0.07,10.6,2,87,8,16.05,2.75,NA,NA,NA,NA,4.73e+09,229758,153077,0,7786,9588844,0.16,0,0.21
"","MD10A",38.04226,-121.4199,0,"2016-07-12",7,2,2016,1110,24.62,9.75,NA,68,202,0.09,9.2,8.4,NA,11.2,0.02,0.01,17,13,4,3.9,0.4,0.9,0.04,0.12,11.4,4,114,11,40.19,4.8,NA,NA,NA,NA,2.21e+08,418444,10613,470,97504,17957427,0,0,0.26
"RR","P8",37.97817,-121.3823,0,"2016-07-12",7,2,2016,1210,25.69,7.85,NA,108,484,0.22,6.7,7.67,NA,5.4,0.04,0.33,78,20,3.9,4,0.5,0.6,0.13,0.22,10.9,2,256,7,11.92,2.06,NA,NA,NA,NA,9.88e+08,950800,514918,24,34020,6910506,0,0,0
"CV","D4",38.06248,-121.8205,0,"2016-07-13",7,2,2016,1220,22.59,8.48,NA,56,3509,1.82,16.4,7.82,NA,3,0.05,0.18,959,31,1.7,1.8,0.2,0.4,0.03,0.09,10.2,2,1914,19,3.83,1.02,NA,NA,NA,NA,8.62e+08,300,231,0,8454,323977,0,0,0
"","D8",38.05992,-121.99,0,"2016-07-13",7,2,2016,1030,21.35,8.51,NA,44,9110,5.08,17.9,7.84,NA,2.9,0.04,0.28,2693,70,1.6,2.8,0.2,0.4,0.06,0.11,9.8,4,5236,26,2.91,0.64,NA,NA,NA,NA,4.57e+08,708,312,0,1844,374376,0,0,0
"","D22",38.08453,-121.7391,0,"2016-07-13",7,2,2016,1335,22.91,8.84,NA,64,153,0.06,11.7,7.73,NA,3.8,0.08,0.2,12,8,1.6,1.7,0.2,0.3,0.04,0.07,12.4,1,80,14,6.34,1.2,NA,NA,NA,NA,61800000,408,240,0,5288,1280100,0,0,0
"FieldCont","FieldCont",NA,NA,1,"",7,2,2016,NA,NA,NA,NA,NA,NA,NA,NA,NA,NA,NA,NA,NA,NA,NA,NA,NA,NA,NA,NA,NA,NA,NA,NA,NA,NA,NA,NA,NA,NA,NA,NA,0,0,0,0,147,0,0,0
"AT","D12",38.02161,-121.8063,0,"2016-08-08",8,3,2016,805,21.26,8.22,NA,44,1925,0.96,21.4,7.68,NA,2.6,0.05,0.21,478,19,1.9,2,0.1,0.2,0.06,0.09,10,3,1011,21,3.97,1.92,NA,NA,NA,NA,4.13e+09,43620,504,0,2304,478320,0,0,0
"FT","D19",38.04376,-121.6148,0,"2016-08-08",8,3,2016,920,22.26,8.43,NA,120,575,0.26,6,7.87,NA,1.6,0.03,0.16,121,12,2.1,1.9,0,0.2,0.05,0.07,10,1,309,5,3.41,1.66,NA,NA,NA,NA,1.12e+09,27936,14976,36,14076,1117164,0,0,0.2
"OR","D28A",37.97048,-121.573,0,"2016-08-08",8,3,2016,1025,23.36,8.49,NA,180,423,0.19,2.5,8.07,NA,1.3,0.02,0.07,83,11,2.2,2.2,0.1,0.2,0.05,0.07,9.3,1,225,3,2.75,0.91,NA,NA,NA,NA,2.38e+08,13230,2199,0,3271,580303,0,0,0
"","D16",38.0969,-121.6691,0,"2016-08-09",8,3,2016,735,22.43,8.25,NA,112,484,0.22,4.26,7.77,NA,2.1,0.04,0.17,99,11,1.9,1.7,0.1,0.2,0.05,0.07,10.6,2,262,6,3.75,1.46,NA,NA,NA,NA,1.95e+09,212130,84769,0,1355,803920,0,0,0
"","D26",38.07664,-121.5669,0,"2016-08-09",8,3,2016,830,22.76,8.1,NA,160,196,0.08,4.8,7.5,NA,2.1,0.1,0.19,23,10,1.7,1.8,0.1,0.3,0.05,0.07,12.4,1,108,4,3.34,1.39,NA,NA,NA,NA,1.42e+09,468820,166883,0,37335,2217089,0,0,0
"","MD10A",38.04226,-121.4199,0,"2016-08-09",8,3,2016,950,25.23,8.08,NA,132,180,0.08,3.4,7.63,NA,5.8,0.02,0.04,14,12,3.1,3.3,0.1,0.4,0.04,0.08,11.6,2,105,5,12.04,2.4,NA,NA,NA,NA,35900000,113676,3576,0,488,3747708,0,0.04,0.24
"RR","P8",37.97817,-121.3823,0,"2016-08-09",8,3,2016,1105,25.93,7.04,NA,120,326,0.14,4.8,7.43,NA,4.3,0.04,0.2,45,17,3.4,3.5,0.1,0.4,0.02,0.04,11.3,1,173,5,7.93,1.26,NA,NA,NA,NA,1.46e+09,539798,241188,0,1030,3159743,0.09,0,0.29
"CV","D4",38.06248,-121.8205,0,"2016-08-10",8,3,2016,1105,21.38,8.42,NA,40,3220,1.66,21.9,7.83,NA,1.9,0.03,0.19,852,27,1.7,1.8,0.2,0.4,0.06,0.09,10.1,3,1766,25,4.46,1.65,NA,NA,NA,NA,53200000,2027,699,0,8318,734214,0,0,0.53
"","D8",38.05992,-121.99,0,"2016-08-10",8,3,2016,910,20.47,8.49,NA,52,10316,5.81,16.4,7.86,NA,2.2,0.05,0.25,2993,72,1.4,1.4,0.1,0.3,0.08,0.11,10.8,4,6092,22,2.65,0,NA,NA,NA,NA,4.63e+08,96,0,0,444,349032,0,0,0
"","D22",38.08453,-121.7391,0,"2016-08-10",8,3,2016,1215,22.46,9.13,NA,96,150,0.06,6.6,7.86,NA,3.5,0.07,0.19,10,9,1.8,1.8,0.2,0.4,0.05,0.07,11.1,2,98,9,11.56,1.43,NA,NA,NA,NA,2.36e+08,156,96,0,28328,5057700,0,0,0
"FieldCont","FieldCont",NA,NA,1,"",8,3,2016,NA,NA,NA,NA,NA,NA,NA,NA,NA,NA,NA,NA,NA,NA,NA,NA,NA,NA,NA,NA,NA,NA,NA,NA,NA,NA,NA,NA,NA,NA,NA,NA,0,0,0,0,156,0,0,0
"AT","D12",38.02161,-121.8063,0,"2016-09-06",9,4,2016,800,20.4,8.1,NA,52,3731,1.94,17.9,7.6,NA,2.4,0.08,0.26,1020,33,1.8,1.8,0.3,0.4,0.07,0.1,12.5,2,2100,14,2.62,0,NA,NA,NA,NA,3.98e+09,2458,250,0,214,199018,0,0,0
"FT","D19",38.04376,-121.6148,0,"2016-09-06",9,4,2016,915,21.1,8.16,NA,104,1026,0.49,9.1,7.8,NA,1.7,0.04,0.17,242,16,2.3,2,0.2,0.3,0.06,0.08,13,1,562,4,2.34,0.89,NA,NA,NA,NA,2.57e+08,45091,13421,0,6992,362093,0,0,0
"OR","D28A",37.97048,-121.573,0,"2016-09-06",9,4,2016,1010,22,8.9,NA,204,613,0.28,4.2,8.4,NA,1.6,0.01,0.07,129,14,2.7,2.2,0.2,0.3,0.06,0.08,11.6,0,338,1,2.33,0.79,NA,NA,NA,NA,1.8e+08,126211,82406,19,22694,569386,0,0,0
"","D16",38.0969,-121.6691,0,"2016-09-09",9,4,2016,950,21.2,8.24,NA,100,982,0.46,9.9,7.8,NA,1.9,0.05,0.23,230,16,1.8,1.9,0.2,0.3,0.07,0.09,13.6,1,542,6,2.07,0.63,NA,NA,NA,NA,13500000,16224,7278,0,16,153327,0,0,0
"","D26",38.07664,-121.5669,0,"2016-09-09",9,4,2016,1035,21.5,8.23,NA,148,491,0.22,7,7.7,NA,1.8,0.08,0.24,96,14,2,2,0.2,0.4,0.06,0.09,15,1,270,4,2.91,1.01,NA,NA,NA,NA,1.39e+08,121356,91161,0,98,786361,0,0,0.38
"","MD10A",38.04226,-121.4199,0,"2016-09-09",9,4,2016,1200,23.7,8.1,NA,240,196,0.08,7.6,7.6,NA,4,0.01,0.07,13,13,3.2,2.8,0.3,0.4,0.07,0.09,13.8,0,111,2,3.71,1.15,NA,NA,NA,NA,4270000,4626,1316,1050,1455,1109216,0,0,0.6
"RR","P8",37.97817,-121.3823,0,"2016-09-09",9,4,2016,1310,24.1,7.8,NA,106,282,0.12,3.6,7.4,NA,2.9,0.03,0.14,35,16,3,3.1,0.2,0.4,0.09,0.13,13.2,0,155,4,5.6,1.22,NA,NA,NA,NA,7.98e+09,1099877,672619,0,7390,4099916,0.17,0,0.69
"CV","D4",38.06248,-121.8205,0,"2016-09-12",9,4,2016,1330,19.69,8.83,NA,44,6838,3.73,21.5,7.83,NA,2.2,0.07,0.31,2377,61,1.8,1.4,0.2,0.5,0.08,0.14,12.4,5,4692,37,1.67,1.26,NA,NA,NA,NA,14400000,134,0,0,0,466954,0,0.02,0.37
"","D8",38.05992,-121.99,0,"2016-09-12",9,4,2016,1215,19.4,8.82,NA,44,14001,8.08,19.6,7.85,NA,2.4,0.06,0.36,4260,100,1.2,1.2,0.3,0.5,0.09,0.14,10.4,5,8350,32,1.67,0.67,NA,NA,NA,NA,2520000,48,0,0,6,765398,0,0,0
"","D22",38.08453,-121.7391,0,"2016-09-12",9,4,2016,1445,19.84,8.76,NA,40,1532,0.75,21.6,7.81,NA,2.2,0.09,0.24,377,20,2.1,1.8,0.2,0.4,0.07,0.11,16.3,3,838,25,2.06,1.29,NA,NA,NA,NA,2490000,288,0,0,182,385363,0,0,0.309
"FieldCont","FieldCont",NA,NA,1,"",9,4,2016,NA,NA,NA,NA,NA,NA,NA,NA,NA,NA,NA,NA,NA,NA,NA,NA,NA,NA,NA,NA,NA,NA,NA,NA,NA,NA,NA,NA,NA,NA,NA,NA,0,0,0,0,192,0,0,0
"AT","D12",38.02161,-121.8063,0,"2016-10-20",10,5,2016,725,17.5,8.5,NA,68,4324,2.28,12.6,7.6,NA,2,0.07,0.35,1325,40,1.7,1.7,0.2,0.4,0.09,0.1,14.6,2,2530,16,1.58,0.52,NA,NA,NA,NA,28900000,348,0,0,0,147288,0,0,0
"FT","D19",38.04376,-121.6148,0,"2016-10-20",10,5,2016,905,17.6,8.6,NA,180,999,0.47,5,7.7,NA,3.2,0.06,0.36,250,16,1.9,1.7,0.2,0.3,0.08,0.08,14.4,0,554,5,1.55,0.57,NA,NA,NA,NA,2590000,5928,96,0,6980,239472,0,0,0
"OR","D28A",37.97048,-121.573,0,"2016-10-20",10,5,2016,1000,17.8,8.8,NA,360,821,0.38,1.7,7.8,NA,2.2,0.03,0.22,170,16,2.3,2,0.2,0.3,0.08,0.08,13.4,0,446,3,1.51,0.84,NA,NA,NA,NA,8070000,2292,648,0,16,64548,0,0,0
"","D16",38.0969,-121.6691,0,"2016-10-21",10,5,2016,730,17.7,8.5,NA,136,766,0.36,6.8,7.7,NA,2.2,0.1,0.41,135,13,2.2,1.8,0.2,0.4,0.08,0.08,15.1,1,347,10,1.51,0.82,NA,NA,NA,NA,10100000,1972,95,582,871,318558,0,0,0
"","D26",38.07664,-121.5669,0,"2016-10-21",10,5,2016,830,17.6,8.2,NA,136,368,0.16,7.4,7.4,NA,1.9,0.12,0.41,67,12,1.8,1.8,0.2,0.4,0.08,0.08,15.2,0,203,9,1.31,0.73,NA,NA,NA,NA,8610000,1200,0,0,1417,85258,0,0,0
"","MD10A",38.04226,-121.4199,0,"2016-10-21",10,5,2016,950,18.1,7.8,NA,296,204,0.09,1.7,7.4,NA,2.6,0.03,0.2,17,13,2.9,3,0.3,0.4,0.08,0.08,11.9,0,114,3,1,0.59,NA,NA,NA,NA,3790000,11424,1344,0,1596,172920,0,0,0
"RR","P8",37.97817,-121.3823,0,"2016-10-21",10,5,2016,1105,19.5,7.4,NA,72,719,0.33,3.9,7.6,NA,4.2,0.1,2.1,125,27,3.8,3.8,0.4,0.7,0.42,0.42,13,0,398,6,7.47,1.01,NA,NA,NA,NA,93500000,687000,2088,0,36236,1621920,0,0.02,0
"CV","D4",38.06248,-121.8205,0,"2016-10-24",10,5,2016,1200,17.64,8.39,NA,76,13077,7.5,15.8,7.77,NA,2.8,0.08,0.43,4100,93,1.2,1.2,0.3,0.4,0.1,0.1,12.3,4,7620,26,1.43,0.83,NA,NA,NA,NA,5540000,60,0,0,20,106985,0,0.04,0
"","D8",38.05992,-121.99,0,"2016-10-24",10,5,2016,1040,17.52,8.39,NA,60,18913,11.2,14.9,7.75,NA,2.7,0.09,0.42,6225,135,1,1,0.3,0.6,0.11,0.11,13.3,5,11290,27,1.92,0.51,NA,NA,NA,NA,3790000,35,0,0,0,71674,0.25,0,0
"","D22",38.08453,-121.7391,0,"2016-10-24",10,5,2016,1240,17.75,8.46,NA,76,5655,3.04,10.5,7.73,NA,2.5,0.08,0.42,1659,44,1.6,1.4,0.1,0.4,0.09,0.09,14.3,2,3192,14,2,0.73,NA,NA,NA,NA,21700000,396,0,0,264,4308,0,0.02,0
"FieldCont","FieldCont",NA,NA,1,"",10,5,2016,NA,NA,NA,NA,NA,NA,NA,NA,NA,NA,NA,NA,NA,NA,NA,NA,NA,NA,NA,NA,NA,NA,NA,NA,NA,NA,NA,NA,NA,NA,NA,NA,0,0,0,0,0,0,0,0
"AT","D12",38.02161,-121.8063,0,"2016-11-03",11,6,2016,640,17.17,8.23,NA,84,6101,3.3,9.1,7.4,NA,2,0.1,0.45,1743,47,1.8,1.5,0.2,0.4,0.09,0.11,14.2,1,3588,10,1.25,0,NA,NA,NA,NA,1e+07,373,0,0,23,4870,0,0,0
"FT","D19",38.04376,-121.6148,0,"2016-11-03",11,6,2016,820,17.18,8.38,NA,196,1130,0.54,3.2,7.47,NA,1.9,0.08,0.47,271,16,1.9,1.9,0.2,0.3,0.08,0.09,14.5,0,610,4,1.39,0,NA,NA,NA,NA,12200000,6303,0,0,625,52777,0,0,0
"OR","D28A",37.97048,-121.573,0,"2016-11-03",11,6,2016,910,17.24,8.33,NA,332,722,0.33,1.4,7.42,NA,2.2,0.06,0.39,156,15,2.2,2.4,0.2,0.3,0.08,0.09,13.3,0,395,2,1.2,0.67,NA,NA,NA,NA,8080000,1068,288,0,0,21096,0,0,0
"","D16",38.0969,-121.6691,0,"2016-11-04",11,6,2016,645,17.04,8.14,NA,184,693,0.32,3.6,7.55,NA,1.9,0.12,0.48,145,15,2,2,0.2,0.3,0.08,0.09,15.9,0,377,2,1.49,0,NA,NA,NA,NA,8e+06,672,0,654,412,192732,0,0,0
"","D26",38.07664,-121.5669,0,"2016-11-04",11,6,2016,735,16.73,7.81,NA,148,350,0.15,5.3,7.26,NA,2.7,0.15,0.54,59,13,2.2,2.2,0.2,0.4,0.09,0.09,16.8,0,190,2,1.13,0.59,NA,NA,NA,NA,10600000,96,0,0,20,3660,0,0,0
"","MD10A",38.04226,-121.4199,0,"2016-11-04",11,6,2016,900,17.21,7.83,NA,276,244,0.1,1.3,7.2,NA,2.8,0.03,0.34,26,14,2.9,2.9,0.3,0.4,0.08,0.08,11.8,2,135,8,1.26,0.86,NA,NA,NA,NA,4420000,1320,0,0,296,11424,0,0.05,0
"RR","P8",37.97817,-121.3823,0,"2016-11-04",11,6,2016,1000,17.26,6.83,NA,204,325,0.14,2.6,7.15,NA,3.1,0.09,1.12,47,13,3.1,3.1,0.4,0.5,0.27,0.28,11.6,2,176,14,1.27,0.52,NA,NA,NA,NA,4080000,5916,0,0,56,18792,0,0.04,0
"CV","D4",38.06248,-121.8205,0,"2016-11-07",11,6,2016,1045,17.48,8.28,NA,96,7890,4.35,7.8,7.65,NA,2.8,0.13,0.5,2284,59,1.4,1.5,0.2,0.4,0.09,0.09,14.2,3,4580,11,1.48,0,NA,NA,NA,NA,85400,35,0,0,8,5988,0,0.04,0
"","D8",38.05992,-121.99,0,"2016-11-07",11,6,2016,915,17.09,8.37,NA,88,13783,7.94,7.4,7.63,NA,2.5,0.11,0.48,4453,99,1.1,1.2,0.3,0.4,0.09,0.12,12.2,4,8500,16,1.78,0,NA,NA,NA,NA,8970000,36,0,0,67,16586,0.25,0,0
"","D22",38.08453,-121.7391,0,"2016-11-07",11,6,2016,1210,16.85,8.02,NA,64,2162,1.08,11.6,7.46,NA,3.1,0.18,0.5,406,22,2.5,2.5,0.2,0.4,0.09,0.09,18,3,974,17,2,0.9,NA,NA,NA,NA,8e+05,0,0,0,48,73616,0,0.05,0
"FieldCont","FieldCont",NA,NA,1,"",11,6,2016,NA,NA,NA,NA,NA,NA,NA,NA,NA,NA,NA,NA,NA,NA,NA,NA,NA,NA,NA,NA,NA,NA,NA,NA,NA,NA,NA,NA,NA,NA,NA,NA,0,0,0,0,0,0,0,0
"CV","D4",38.06248,-121.8205,0,"2017-06-14",6,1,2017,650,18.71,8.93,NA,84,121,0.05,9.8,7.46,NA,2.8,0.06,3.68,8,8,2.2,2.2,0.2,0.2,0.04,0.05,14,3,77,11,2.5,0.99,NA,NA,NA,NA,0,20,0,0,31,86161,0,0,0.1544284
"","D22",38.08453,-121.7391,0,"2017-06-14",6,1,2017,740,17.87,8.98,NA,108,126,0.05,6.4,7.45,NA,2.8,0.12,0.16,5,9,1.9,2.2,0,0.2,0.04,0.05,15.1,2,79,6,2.71,0.68,NA,NA,NA,NA,0,45,0,19,36,87252,0,0,0
"AT","D12",38.02161,-121.8063,0,"2017-06-15",6,1,2017,645,19.24,8.9,NA,88,122,0.05,9.4,7.45,NA,2.2,0.06,0.16,7,8,2.2,2.2,0.3,0.5,0.05,0.05,14.2,2,77,8,2.15,0.9,NA,NA,NA,NA,0,86,58,2,28,43334,0,0,0
"FT","D19",38.04376,-121.6148,0,"2017-06-15",6,1,2017,750,19.78,8.85,NA,160,115,0.05,5,7.62,NA,1.8,0.03,0.15,8,8,2.3,2.3,0.1,0.2,0.05,0.05,12.8,2,73,5,1.39,0.6,NA,NA,NA,NA,0,13,31,0,1870,53662,0,0,0
"OR","D28A",37.97048,-121.573,0,"2017-06-15",6,1,2017,845,21.38,8.75,NA,180,136,0.06,4.3,7.76,NA,2,0.02,0.11,12,8,2.9,3,0,0.1,0.07,0.08,11.1,1,80,2,1.1,0.84,NA,NA,NA,NA,0,20,20,0,121,65491,0,0,0
"","D16",38.0969,-121.6691,0,"2017-06-16",6,1,2017,630,20.04,8.84,NA,132,116,0.05,5.6,7.5,NA,1.7,0.04,0.17,7,8,2.4,2.4,0.2,0.2,0.05,0.06,13.3,0,72,3,1.52,0.63,NA,NA,NA,NA,836000,11,0,0,1649,79317,0,0,0
"","D26",38.07664,-121.5669,0,"2017-06-16",6,1,2017,740,19.77,8.74,NA,156,116,0.05,5.9,7.41,NA,2,0.07,0.18,7,8,2.3,2.4,0,0.2,0.06,0.06,13.4,1,72,5,1.06,0.57,NA,NA,NA,NA,0,1253,0,63,3016,196113,0,0,0
"","MD10A",38.04226,-121.4199,0,"2017-06-16",6,1,2017,915,22.27,7.81,NA,160,162,0.07,3.8,7.44,NA,3.2,0.02,0.08,14,11,3.5,3.6,0.2,0.3,0.11,0.11,9.8,0,89,3,2.74,1.61,NA,NA,NA,NA,0,11,16,0,5733,72137,0.290296931,0,0
"RR","P8",37.97817,-121.3823,0,"2017-06-16",6,1,2017,1040,19.65,8.49,NA,64,97,0.04,10.8,7.09,NA,3.4,0.04,0.23,7,6,2.9,3,0.2,0.3,0.06,0.06,10.1,2,65,11,2.74,1.61,NA,NA,NA,NA,0,35,63,4,261,183501,0,0,0
"","D8",38.05992,-121.99,0,"2017-06-19",6,1,2017,940,21.6,8.72,NA,56,1552,0.76,15.7,7.74,NA,3.3,0.05,0.19,375,17,2.4,2.4,0.2,0.2,0.05,0.06,13.3,3,810,16,3.73,1.43,NA,NA,NA,NA,0,26,22,134,538,210583,0,0,0
"FieldCont","FieldCont",NA,NA,1,"",6,1,2017,NA,NA,NA,NA,NA,NA,NA,NA,NA,NA,NA,NA,NA,NA,NA,NA,NA,NA,NA,NA,NA,NA,NA,NA,NA,NA,NA,NA,NA,NA,NA,NA,16,0,0,4,1672,0,0,0
"CV","D4",38.06248,-121.8205,0,"2017-07-13",7,2,2017,650,22.26,8.51,NA,48,1283,0.62,26.1,7.79,NA,10.3,0.02,0.07,3130,16,2.7,2.8,0.1,0.4,0.05,0.08,6.3,4,712,38,24.93,3.55,NA,NA,NA,NA,0,51,28,0,802,1558716,0,0,0
"","D22",38.08453,-121.7391,0,"2017-07-13",7,2,2017,740,22.63,8.84,NA,52,152,0.06,13.1,7.88,NA,12.7,0.01,0.15,11,9,2.3,2.3,0.1,0.3,0.03,0.06,7.3,3,79,23,30.04,3.34,NA,NA,NA,NA,0,41,33,0,8,583950,0.278185237,0,0
"AT","D12",38.02161,-121.8063,0,"2017-07-14",7,2,2017,700,22.41,8.55,NA,48,369,0.16,18.3,7.77,NA,12.1,0.04,0.02,69,10,2.5,2.7,0.3,0.3,0.04,0.07,3.5,3,201,27,27.09,4.11,NA,NA,NA,NA,0,43,37,0,57,1480512,0.282095236,0,0.16686271
"FT","D19",38.04376,-121.6148,0,"2017-07-14",7,2,2017,815,23.78,8.76,NA,88,117,0.05,6.3,8.01,NA,7,0,0.01,7,7,2.6,2.7,0.1,0.3,0.05,0.07,3.1,1,68,11,18.5,2.72,NA,NA,NA,NA,0,26,73,0,4,300385,0.270804097,0,0
"OR","D28A",37.97048,-121.573,0,"2017-07-14",7,2,2017,920,24.72,7.34,NA,128,120,0.05,5.2,7.53,NA,3.6,0.05,15.2,8,7,3,3,0,0.2,0.09,0.1,4.3,0,63,6,5.41,2.54,NA,NA,NA,NA,0,112,17,0,180,179727,0.30474534,0,0
"","D16",38.0969,-121.6691,0,"2017-07-17",7,2,2017,915,24.47,8.88,NA,80,125,0.05,10.1,7.63,NA,9.1,0.04,0.05,8,7,2.4,2.4,0.3,0.3,0.04,0.06,4.1,5,67,18,22.33,5.48,NA,NA,NA,NA,0,20,17,0,28,1062832,0.260158519,0,0
"","D26",38.07664,-121.5669,0,"2017-07-17",7,2,2017,1000,24.59,8.81,NA,88,124,0.05,8.2,7.44,NA,9.1,0.07,0.17,7,8,2.4,2.4,0.2,0.3,0.05,0.06,7.6,4,73,13,17.99,3.15,NA,NA,NA,NA,0,23,0,0,2,1286262,0.253632993,0.033246228,0
"","MD10A",38.04226,-121.4199,0,"2017-07-17",7,2,2017,1110,27.33,6.7,NA,80,159,0.07,6.8,7.16,NA,7,0.02,0.03,14,10,3.5,3.65,0.3,0.5,0.06,0.09,4.4,4,93,8,14.35,3.14,NA,NA,NA,NA,0,1277,0,0,324,832604,0,0,0
"RR","P8",37.97817,-121.3823,0,"2017-07-17",7,2,2017,1225,24.06,8.37,NA,60,192,0.08,10.2,7.11,NA,6.2,0.08,0.52,19,10,2.8,2.9,0.3,0.4,0.12,0.13,10.3,4,108,12,13.28,3.36,NA,NA,NA,NA,2370000,318,209,0,301,618368,0.266504476,0,0
"","D8",38.05992,-121.99,0,"2017-07-18",7,2,2017,1020,22.66,8.34,NA,44,4118,2.16,21,7.8,NA,3.6,0.08,0.09,1032,31,2.3,2.4,0.2,0.2,0.05,0.06,5.6,4,2018,27,7.24,3.02,NA,NA,NA,NA,0,23,13,0,27236,219669,0,0,0
"FieldCont","FieldCont",NA,NA,1,"",7,2,2017,NA,NA,NA,NA,NA,NA,NA,NA,NA,NA,NA,NA,NA,NA,NA,NA,NA,NA,NA,NA,NA,NA,NA,NA,NA,NA,NA,NA,NA,NA,NA,NA,10,52,0,13,2884,0,0,0
"CV","D4",38.06248,-121.8205,0,"2017-08-10",8,3,2017,630,21.45,8.27,NA,56,2823,1.44,14.4,7.59,NA,1.8,0.05,0.26,791,26,1.9,2.1,0.3,0.3,0.07,0.07,10.7,4,527,23,2.45,1.54,NA,NA,NA,NA,0,343,42,0,4,110511,0.263128699,0,0
"","D22",38.08453,-121.7391,0,"2017-08-10",8,3,2017,710,21.92,8.21,NA,60,330,0.14,12.5,7.63,NA,2.4,0.08,0.22,60,10,2,2,0.1,0.2,0.06,0.06,14,3,188,18,3.68,2.36,NA,NA,NA,NA,0,57,433,0,5,107400,0.292928958,0,0
"AT","D12",38.02161,-121.8063,0,"2017-08-14",8,3,2017,905,22.49,8.07,NA,76,813,0.38,10.4,7.72,NA,1.7,0.06,0.23,188,13,2.1,2.1,0.2,0.3,0.07,0.07,11.2,2,442,12,3.25,1.17,NA,NA,NA,NA,2830000,62,27,0,2,125397,0.310440867,0,0
"FT","D19",38.04376,-121.6148,0,"2017-08-14",8,3,2017,1010,23.33,7.8,NA,156,244,0.1,5.6,7.74,NA,2,0.03,0.18,36,9,2.2,2.2,0.1,0.2,0.07,0.07,10.2,1,135,6,2.72,1.7,NA,NA,NA,NA,0,19,28,0,1,98553,0.268146205,0,0
"OR","D28A",37.97048,-121.573,0,"2017-08-14",8,3,2017,1115,24.51,7.54,NA,180,184,0.08,3.2,8.04,NA,1.9,0.02,0.12,22,9,2.4,2.4,0.2,0.4,0.08,0.08,9.7,0,102,3,1.99,0.92,NA,NA,NA,NA,567000,19,0,0,30,116438,0.272092272,0,0.347364829
"","D16",38.0969,-121.6691,0,"2017-08-15",8,3,2017,835,23.28,7.78,NA,96,192,0.08,8.5,7.75,NA,1.8,0.05,0.25,23,9,2,2,0.1,0.2,0.06,0.07,11.7,2,111,9,3.22,1.64,NA,NA,NA,NA,0,34,0,0,14,140793,0.316596179,0,0
"","D26",38.07664,-121.5669,0,"2017-08-15",8,3,2017,925,23.35,7.63,NA,136,139,0.06,5.5,7.58,NA,1.2,0.1,0.22,9,9,2,2,0.1,0.3,0.06,0.07,13.1,1,82,4,1.95,0.97,NA,NA,NA,NA,0,15,0,0,1,70987,0.256409358,0,0
"","MD10A",38.04226,-121.4199,0,"2017-08-15",8,3,2017,1045,26.02,7.27,NA,96,151,0.06,5,7.49,NA,6.5,0.03,0.05,11,10,3.1,3.1,0.3,0.4,0.05,0.06,13.3,2,91,6,11.06,3.1,NA,NA,NA,NA,0,1372,0,0,3,522575,0.27156111,0.020394595,0
"RR","P8",37.97817,-121.3823,0,"2017-08-15",8,3,2017,1200,22.59,9.41,NA,112,239,0.1,4.7,7.71,NA,5.2,0.02,0.54,32,10,2.6,2.7,0.4,0.4,0.13,0.13,8.7,1,131,4,11.29,2.98,NA,NA,NA,NA,0,518,25,0,4,440614,0,0,0
"","D8",38.05992,-121.99,0,"2017-08-16",8,3,2017,1030,21.41,8.4,NA,80,6336,3.43,10.8,7.99,NA,1.4,0.05,0.3,3100,49,1.2,1.2,0,0.2,0.07,0.07,10.4,2,3648,13,1.83,0.65,NA,NA,NA,NA,0,7,0,0,1,47822,0,0.02794254,0
"FieldCont","FieldCont",NA,NA,1,"",8,3,2017,NA,NA,NA,NA,NA,NA,NA,NA,NA,NA,NA,NA,NA,NA,NA,NA,NA,NA,NA,NA,NA,NA,NA,NA,NA,NA,NA,NA,NA,NA,NA,NA,0,0,0,1,113,0,0,0
"CV","D4",38.06248,-121.8205,0,"2017-09-11",9,4,2017,815,22.85,7.86,NA,56,1362,0.66,19.7,7.57,NA,2.5,0.06,0.29,331,17,1.8,1.9,0.1,0.3,0.07,0.08,15.2,5,749,27,1.9,0.97,NA,NA,NA,NA,4.62e+08,11,20,0,1,38731,0,0,0
"","D22",38.08453,-121.7391,0,"2017-09-11",9,4,2017,900,22.55,8,NA,100,151,0.06,7.8,7.43,NA,2,0.11,0.23,7,11,1.9,1.9,0,0.3,0.06,0.07,16.9,1,93,10,4.09,1,NA,NA,NA,NA,0,13,0,0,1,22941,0,0,0
"AT","D12",38.02161,-121.8063,0,"2017-09-12",9,4,2017,920,23.22,7.83,NA,60,592,0.27,12.7,7.46,NA,2.4,0.06,0.26,121,13,2.2,2.2,0.1,0.2,0.08,0.08,15.1,2,319,16,2.97,1.7,NA,NA,NA,NA,1330000,2283,2436,0,1,54174,0.271030985,0,0
"FT","D19",38.04376,-121.6148,0,"2017-09-12",9,4,2017,1030,23.7,7.93,NA,180,181,0.08,3.3,7.56,NA,1.7,0.04,0.24,16,10,2,2,0,0.1,0.07,0.08,15.5,1,98,4,2.41,1.23,NA,NA,NA,NA,1.91e+09,116,42,0,9,43547,0.259819803,0,0
"OR","D28A",37.97048,-121.573,0,"2017-09-12",9,4,2017,1140,24.8,8.02,NA,268,172,0.07,1.5,7.77,NA,3.3,0.03,0.14,15,10,2.4,2.4,0,0.2,0.07,0.07,13.7,0,96,2,1.79,0.77,NA,NA,NA,NA,1.01e+09,115460,112671,0,20,324270,1.010949215,0,0
"","D16",38.0969,-121.6691,0,"2017-09-13",9,4,2017,845,23.08,8.07,NA,124,166,0.07,6.3,7.51,NA,2,0.06,0.26,12,11,2,2.1,0.2,0.3,0.06,0.07,15.8,1,94,8,2.65,1.47,NA,NA,NA,NA,2.61e+09,10364,8641,0,322,104225,0.548901929,0,0
"","D26",38.07664,-121.5669,0,"2017-09-13",9,4,2017,945,22.61,8.03,NA,136,150,0.06,6.9,7.43,NA,1.9,0.1,0.25,8,11,2,2,0.1,0.2,0.06,0.06,16,2,89,8,1.64,1.16,NA,NA,NA,NA,11700000,12706,8739,0,1,47751,0.281361255,0,0
"","MD10A",38.04226,-121.4199,0,"2017-09-13",9,4,2017,1100,25.18,7.46,NA,108,158,0.07,3.4,7.36,NA,6.1,0.02,0.08,10,11,2.9,2.9,0.2,0.3,0.06,0.07,15.8,2,92,5,7.65,2.67,NA,NA,NA,NA,0,384,0,0,981,315886,0,0,0
"RR","P8",37.97817,-121.3823,0,"2017-09-13",9,4,2017,1220,23.61,7.64,NA,104,301,0.13,4.9,7.2,NA,3,0.07,1.04,47,12,2.6,2.7,0.3,0.4,0.16,0.16,10.8,1,167,4,3.38,2.29,NA,NA,NA,NA,3010000,843,0,0,1,211415,0,0.024183537,0
"","D8",38.05992,-121.99,0,"2017-09-14",9,4,2017,1055,22.28,8.44,NA,56,5280,2.82,17.3,7.76,NA,2.5,0.08,0.34,1450,44,1.8,1.9,0.3,0.2,0.08,0.08,70.9,4,3158,24,2.34,0.87,NA,NA,NA,NA,3.4e+08,117,67,0,1,122947,0,0.024169781,0
"FieldCont","FieldCont",NA,NA,1,"",9,4,2017,NA,NA,NA,NA,NA,NA,NA,NA,NA,NA,NA,NA,NA,NA,NA,NA,NA,NA,NA,NA,NA,NA,NA,NA,NA,NA,NA,NA,NA,NA,NA,NA,0,0,0,7,44,0,0,0
"CV","D4",38.06248,-121.8205,0,"2017-10-09",10,5,2017,650,17.91,8.74,NA,48,1835,0.91,28.5,7.55,NA,2.5,0.08,0.27,469,20,1.6,1.6,0.2,0.3,0.08,0.1,15,7,1007,62,2.26,1.92,NA,NA,NA,NA,14400000,11,0,0,9,128101,0,0,0
"","D22",38.08453,-121.7391,0,"2017-10-09",10,5,2017,740,16.71,9.12,NA,88,128,0.05,7.5,7.36,NA,1.9,0.12,0.23,7,9,1.6,1.6,0,0.3,0.05,0.05,15.8,2,85,11,2.4,0.92,NA,NA,NA,NA,0,8,0,0,74,166063,0,0.02060408,0
"AT","D12",38.02161,-121.8063,0,"2017-10-10",10,5,2017,815,17.59,8.7,NA,48,670,0.31,19.2,7.48,NA,2.8,0.07,0.23,137,13,1.9,1.9,0.2,0.3,0.06,0.07,15.1,2,349,20,2.72,1.71,NA,NA,NA,NA,272000,23,17,0,141,176177,0,0,0
"FT","D19",38.04376,-121.6148,0,"2017-10-10",10,5,2017,930,17.8,9.13,NA,204,159,0.07,2.5,7.64,NA,1,0.03,0.19,14,10,2,2,0.2,0.2,0.06,0.06,14.5,0,95,4,1.78,0.74,NA,NA,NA,NA,1.92e+08,1620,202,2,588,70745,0,0,0
"OR","D28A",37.97048,-121.573,0,"2017-10-10",10,5,2017,1020,18.17,8.77,NA,288,156,0.06,1.8,7.68,NA,1.4,0.02,0.08,12,10,2.4,2.4,0.2,0.2,0.05,0.05,12.3,0,90,2,1.62,0.71,NA,NA,NA,NA,30400000,4527,892,0,123,33001,0,0,0
"","D16",38.0969,-121.6691,0,"2017-10-11",10,5,2017,750,17.69,8.96,NA,136,146,0.06,5.4,7.37,NA,2,0.05,0.21,11,9,1.8,1.9,0.1,0.3,0.05,0.05,14.7,1,94,6,1.7,0.84,NA,NA,NA,NA,0,121,0,0,134,34453,0,0,0
"","D26",38.07664,-121.5669,0,"2017-10-11",10,5,2017,845,17.48,9,NA,140,126,0.05,4.7,7.33,NA,2,0.07,0.21,7,9,1.8,1.8,0,0.2,0.05,0.05,14.8,1,76,7,1.35,0.74,NA,NA,NA,NA,2450000,7,0,0,65,37443,0,0,0
"","MD10A",38.04226,-121.4199,0,"2017-10-11",10,5,2017,950,18,8.65,NA,196,141,0.06,2.3,7.25,NA,4.4,0.02,0.08,9,10,2.4,2.6,0.2,0.2,0.05,0.05,13.2,1,89,4,4.1,2.3,NA,NA,NA,NA,4190000,38,0,0,46,114253,0,0,0
"RR","P8",37.97817,-121.3823,0,"2017-10-11",10,5,2017,1125,18.5,7.74,NA,140,424,0.19,11.8,7.21,NA,2.5,0.09,1.93,69,15,2.9,2.9,0.3,0.4,0.27,0.27,11.7,2,237,15,1.61,1.01,NA,NA,NA,NA,3400000,184,0,2,1,123957,0.252619159,0,0
"","D8",38.05992,-121.99,0,"2017-10-12",10,5,2017,945,17.46,8.77,NA,44,7185,3.93,14.5,7.7,NA,1.7,0.09,0.33,2200,55,1.5,1.5,0,0.1,0.08,0.08,14.1,4,4476,22,1.75,0.66,NA,NA,NA,NA,0,0,0,0,4,123755,0,0,0
"FieldCont","FieldCont",NA,NA,1,"",10,5,2017,NA,NA,NA,NA,NA,NA,NA,NA,NA,NA,NA,NA,NA,NA,NA,NA,NA,NA,NA,NA,NA,NA,NA,NA,NA,NA,NA,NA,NA,NA,NA,NA,0,0,0,1,70,0,0,0
"CV","D4",38.06248,-121.8205,0,"2017-11-15",11,6,2017,845,15.39,8.78,NA,72,5766,3.1,16.5,7.46,NA,2.9,0.1,0.39,1416,42,1.6,2.3,0.1,0.2,0.07,0.07,14.7,2,3754,13,1.51,0.65,NA,NA,NA,NA,5400000,0,0,0,1,64137,0,0,0
"","D22",38.08453,-121.7391,0,"2017-11-15",11,6,2017,1015,15.46,8.74,NA,80,952,0.45,7.5,7.46,NA,2.8,0.12,0.41,210,15,1.7,1.8,0.1,0.3,0.07,0.07,15.5,1,497,9,2.03,0.88,NA,NA,NA,NA,0,11,0,0,8,42012,0,0,0
"AT","D12",38.02161,-121.8063,0,"2017-11-13",11,6,2017,1000,15.5,9.09,NA,100,812,0.38,8.8,7.54,NA,2.2,0.07,0.4,187,14,1.7,1.8,0.2,0.3,0.06,0.06,14.6,2,454,10,1.76,0.74,NA,NA,NA,NA,0,188,66,10,4,39512,0,0,0
"FT","D19",38.04376,-121.6148,0,"2017-11-13",11,6,2017,1100,15.47,8.95,NA,200,192,0.08,2.9,7.43,NA,1.8,0.06,0.45,21,11,2.2,2.2,0.2,0.3,0.05,0.06,14,1,106,4,1.02,0.65,NA,NA,NA,NA,0,321,0,0,111,33705,0,0,0
"OR","D28A",37.97048,-121.573,0,"2017-11-13",11,6,2017,1145,15.35,8.25,NA,252,191,0.08,2,7.32,NA,1.8,0.05,0.38,20,11,2.6,2.6,0.2,0.3,0.06,0.06,12.8,0,106,2,1.14,0.76,NA,NA,NA,NA,0,2230,0,0,2,37979,0,0,0
"","D16",38.0969,-121.6691,0,"2017-11-14",11,6,2017,940,15.37,8.82,NA,200,185,0.08,2.9,7.38,NA,1.5,0.08,0.46,19,11,2.2,2.2,0.2,0.4,0.07,0.07,15.1,0,101,3,1.13,0,NA,NA,NA,NA,0,41,0,0,8,59144,0,0,0
"","D26",38.07664,-121.5669,0,"2017-11-14",11,6,2017,1030,15.06,8.5,NA,288,184,0.08,2.2,7.29,NA,1.6,0.13,0.52,16,11,2.4,2.5,0.3,0.4,0.08,0.08,15.3,0,101,3,0.69,0,NA,NA,NA,NA,9700000,0,0,0,1,43668,0,0,0
"","MD10A",38.04226,-121.4199,0,"2017-11-14",11,6,2017,1200,15.4,8.31,NA,144,275,0.12,4,7.27,NA,3,0.06,0.6,35,14,2.9,3,0.3,0.5,0.07,0.08,11.1,1,152,4,2.14,1.2,NA,NA,NA,NA,0,0,16,0,159,179184,0,0,0
"RR","P8",37.97817,-121.3823,0,"2017-11-14",11,6,2017,1320,14.23,9.3,NA,76,375,0.17,8.3,7.39,NA,2.1,0.06,1.35,44,17,2.9,2.9,0.2,0.4,0.13,0.14,14.2,2,197,12,1.28,1.12,NA,NA,NA,NA,0,49,0,0,4,172160,0,0,0
"","D8",38.05992,-121.99,0,"2017-11-15",11,6,2017,1155,15.16,8.94,NA,56,10302,5.8,17.4,7.63,NA,2.2,0.13,0.42,3004,76,0.5,0.5,0,0.3,0.08,0.08,13.6,8,6088,35,1.6,0.8,NA,NA,NA,NA,0,0,0,0,4,57201,0,0.020762968,0
"FieldCont","FieldCont",NA,NA,1,"",11,6,2017,NA,NA,NA,NA,NA,NA,NA,NA,NA,NA,NA,NA,NA,NA,NA,NA,NA,NA,NA,NA,NA,NA,NA,NA,NA,NA,NA,NA,NA,NA,NA,NA,5,0,0,4,56,0,0,0
"CV","D4",38.06248,-121.8205,0,"2018-06-05",6,1,2018,705,20.54,8.53,NA,44,1276,0.62,20.4,7.63,NA,3.5,0.06,0.4,303,17,2.6,2.7,0.1,0.4,0.08,0.1,12.8,2,706,19,2.61,0.73,NA,NA,NA,NA,54900000,0,0,0,0,93632,0,0,NA
"","D22",38.08453,-121.7391,0,"2018-06-05",6,1,2018,750,20.64,8.56,NA,76,165,0.07,7.9,7.44,NA,2.4,0.12,0.31,10,10,2.4,2,0,0.4,0.07,0.07,15.9,1,96,8,3.91,0,NA,NA,NA,NA,1670000,190,0,0,0,124626,0,0,NA
"AT","D12",38.02161,-121.8063,0,"2018-06-04",6,1,2018,720,20.67,8.36,NA,64,615,0.28,12.8,7.45,NA,2.6,0.06,0.38,120,13,2.7,2.7,0.3,0.4,0.08,0.08,12.4,1,333,11,2.01,1.2,NA,NA,NA,NA,4090000,0,0,0,0,53119,0,0,NA
"FT","D19",38.04376,-121.6148,0,"2018-06-04",6,1,2018,835,21.58,8.61,NA,164,202,0.09,6.8,7.54,NA,2.1,0.02,0.29,19,11,2.7,2.7,0.2,0.4,0.07,0.07,10.9,0,110,3,2.13,0.66,NA,NA,NA,NA,2570000,0,0,0,625,85513,0,0,NA
"OR","D28A",37.97048,-121.573,0,"2018-06-04",6,1,2018,910,23.36,8.53,NA,188,239,0.1,2,7.69,NA,2.9,0.02,0.11,28,12,3.5,3.5,0.3,0.3,0.07,0.08,6.6,0,131,3,2.16,1.28,NA,NA,NA,NA,7950000,0,0,0,1048,67141,0,0,NA
"","D16",38.0969,-121.6691,0,"2018-06-07",6,1,2018,825,21.56,8.69,NA,196,190,0.08,2.8,7.43,NA,2.7,0.02,0.29,17,11,2.5,2.6,0.2,0.2,0.07,0.08,11.9,1,115,3,2.74,0.72,NA,NA,NA,NA,11900000,148,0,1071,246,107957,0,0,NA
"","D26",38.07664,-121.5669,0,"2018-06-07",6,1,2018,920,21.86,8.49,NA,180,175,0.07,2.5,7.3,NA,2.7,0.05,0.28,15,10,2.5,2.5,0.2,0.3,0.07,0.07,12.5,1,101,3,2.9,0.93,NA,NA,NA,NA,820000,0,0,0,555,106374,0,0,NA
"","MD10A",38.04226,-121.4199,0,"2018-06-07",6,1,2018,1045,23.81,7.65,NA,168,229,0.1,2.7,7.28,NA,2.7,0.02,0.1,25,13,3.6,3.6,0.3,0.3,0.1,0.11,9.9,1,129,4,2.62,0.96,NA,NA,NA,NA,3550000,0,0,0,1118,117342,0,0,NA
"RR","P8",37.97817,-121.3823,0,"2018-06-07",6,1,2018,1200,22.16,8.11,NA,100,343,0.15,7.2,7.12,NA,3.3,0.03,0.86,53,14,2.9,3,0.3,0.4,0.16,0.18,10.9,1,188,7,3.93,1.06,NA,NA,NA,NA,51700000,145,0,0,0,191120,0,0,NA
"","D8",38.05992,-121.99,0,"2018-06-08",6,1,2018,1015,20.04,8.75,NA,44,5735,3.09,19.3,7.77,NA,2.9,0.06,0.43,1600,45,2.2,2.3,0.2,0.3,0.09,0.1,12,4,3260,25,1.67,0.65,NA,NA,NA,NA,14700000,144,0,0,0,63567,0,0,NA
"FieldCont","FieldCont",NA,NA,1,"",6,1,2018,NA,NA,NA,NA,NA,NA,NA,NA,NA,NA,NA,NA,NA,NA,NA,NA,NA,NA,NA,NA,NA,NA,NA,NA,NA,NA,NA,NA,NA,NA,NA,NA,0,0,0,0,0,0,0,NA
"CV","D4",38.06248,-121.8205,0,"2018-07-18",7,2,2018,740,21.3,8.39,NA,48,5480,2.94,23.6,7.63,NA,2.9,0.07,0.36,1600,46,2,2.1,0.2,0.3,0.09,0.11,12.7,4,3280,26,2.94,1.38,NA,NA,NA,NA,7.96e+10,145,0,0,1778,73357,0.260218288,0.033191664,0
"","D22",38.08453,-121.7391,0,"2018-07-18",7,2,2018,825,21.75,8.44,NA,40,1116,0.53,22.6,7.81,NA,2.7,0.08,0.29,262,15,2.1,2.3,0.2,0.3,0.08,0.09,14,3,605,23,5.23,2.08,NA,NA,NA,NA,76900000,194,97,0,881,54356,0,0,0
"AT","D12",38.02161,-121.8063,0,"2018-07-19",7,2,2018,900,21.76,8.46,NA,56,2537,1.29,19.9,7.8,NA,2.9,0.06,0.31,638,25,2.1,2.3,0.2,0.3,0.08,0.09,13,3,1400,19,4.03,2.01,NA,NA,NA,NA,7.92e+08,336,144,0,1640,57435,0,0,0
"FT","D19",38.04376,-121.6148,0,"2018-07-19",7,2,2018,1040,23.04,8.64,NA,180,375,0.17,2.3,8.03,NA,1.6,0.02,0.21,64,11,2.3,2.3,0.1,0.2,0.07,0.07,11.9,0,197,2,3.34,0.94,NA,NA,NA,NA,1.81e+09,3600,96,0,4864,59042,2.22386744,0,0
"OR","D28A",37.97048,-121.573,0,"2018-07-19",7,2,2018,1115,24.12,8.44,NA,200,258,0.11,2.5,8.3,NA,1.5,0.02,0.07,36,11,2.7,2.7,0.1,0.2,0.07,0.07,8.6,0,142,2,4.08,0.94,NA,NA,NA,NA,2.4e+09,17319,1303,48,2259,74744,1.277968756,0,0
"","D16",38.0969,-121.6691,0,"2018-07-09",7,2,2018,1210,22.82,8.29,NA,156,194,0.08,4.2,7.79,NA,1.7,0.04,0.32,21,10,2.3,2.3,0.1,0.2,0.06,0.07,13.1,1,105,5,3.69,1.03,NA,NA,NA,NA,1.14e+09,839,140,0,6050,66289,0,0,0
"","D26",38.07664,-121.5669,0,"2018-07-09",7,2,2018,1300,23.23,8.15,NA,160,154,0.06,4.5,7.71,NA,1.7,0.06,0.29,12,10,2.2,2.2,0.1,0.3,0.06,0.06,13.4,1,86,4,3.51,0.95,NA,NA,NA,NA,9.69e+08,9061,1322,0,14000,159936,0.31328896,0,0
"","MD10A",38.04226,-121.4199,0,"2018-07-09",7,2,2018,1415,25.89,7.65,NA,116,191,0.08,3.6,7.64,NA,10.2,0.06,0.14,16,12,3.2,3.3,0.2,0.3,0.07,0.07,14.2,1,106,4,9.47,2.14,NA,NA,NA,NA,2.22e+08,2095,97,0,195,393021,0,0,0
"RR","P8",37.97817,-121.3823,0,"2018-07-09",7,2,2018,1530,26.49,7.52,NA,120,615,0.28,2.9,7.57,NA,4.8,0.02,1.09,111,21,4,4,0.3,0.4,0.23,0.23,10.4,2,331,4,7.22,0.86,NA,NA,NA,NA,3.75e+09,374597,37317,0,5177,636876,1.134718666,0.039229526,0
"","D8",38.05992,-121.99,0,"2018-07-10",7,2,2018,1240,22.17,8.68,NA,60,9085,5.06,12,7.88,NA,2.6,0.04,0.43,2700,70,1.7,1.7,0.1,0.2,0.09,0.09,11.2,3,5510,14,1.95,0,NA,NA,NA,NA,22200000,186,0,0,614,160060,0,0.045371637,0
"FieldCont","FieldCont",NA,NA,1,"",7,2,2018,NA,NA,NA,NA,NA,NA,NA,NA,NA,NA,NA,NA,NA,NA,NA,NA,NA,NA,NA,NA,NA,NA,NA,NA,NA,NA,NA,NA,NA,NA,NA,NA,0,0,0,16,0,0,0,0
"CV","D4",38.06248,-121.8205,0,"2018-08-02",8,3,2018,650,21.06,8.54,NA,68,4508,2.38,15.1,7.72,NA,2.3,0.094,0.28,1280,40.5,2,2.1,0.3,0.2,0.08,0.1,12.9,2,2600,18,2.02,1.14,NA,NA,NA,NA,1.97e+08,576,0,0,1072,77441,0,0,0
"","D22",38.08453,-121.7391,0,"2018-08-02",8,3,2018,740,21.56,8.44,NA,56,532,0.24,12.8,7.66,NA,1.7,0.112,0.23,116.5,13,1.9,1.9,0.3,0.2,0.07,0.07,14.8,2,311,16,2.22,2.99,NA,NA,NA,NA,6.71e+08,288,0,0,160,34996,0,0,0
"AT","D12",38.02161,-121.8063,0,"2018-08-03",8,3,2018,825,21.54,8.34,NA,64,1997,0.99,11.5,7.6,NA,2.2,0.08,0.23,510,22,2,2.1,0,0.189,0.07,0.08,12.6,2,1110,12,2.78,1.17,NA,NA,NA,NA,7.26e+08,515,0,0,351,75048,0.26254749,0,0.942622671
"FT","D19",38.04376,-121.6148,0,"2018-08-03",8,3,2018,930,22.66,8.18,NA,200,423,0.19,1.2,7.63,NA,2.2,0.024,0.153,81,11.4,2.2,2.2,0.1,0.193,0.07,0.07,11.3,0,228,2,2.56,1.08,NA,NA,NA,NA,9.05e+08,18624,96,0,800,80516,0.326313622,0,0
"OR","D28A",37.97048,-121.573,0,"2018-08-03",8,3,2018,1010,23.94,8.54,NA,212,311,0.14,0.7,8.33,NA,1.8,0.023,0.055,51,11.1,2.4,2.4,0.11,0.2,0.07,0.07,8.7,0,168,3,2.47,0.95,NA,NA,NA,NA,7.41e+08,4359,245,0,490,64769,0.295462788,0,0
"","D16",38.0969,-121.6691,0,"2018-08-16",8,3,2018,1040,22.79,8.52,NA,144,324,0.14,3.6,7.59,NA,3.3,0.024,0.18,55,11,2.1,2.1,0.12,0.222,0.06,0.07,12.6,1,179,5,4.14,2.27,NA,NA,NA,NA,2.59e+09,23370,1309,0,178,175472,0.26137276,0.023856551,0
"","D26",38.07664,-121.5669,0,"2018-08-16",8,3,2018,1135,22.75,9.03,NA,136,188,0.08,3.5,7.6,NA,9.8,0.06,0.152,19.5,10.9,2.1,2.1,0.13,0.3,0.055,0.06,13.5,2,107,7,13.8,2.99,NA,NA,NA,NA,7.42e+08,637,0,0,90,284182,0.259928878,0,0
"","MD10A",38.04226,-121.4199,0,"2018-08-16",8,3,2018,1245,25.22,9.23,NA,84,173,0.07,7.5,7.72,NA,17,0.062,0,12,12,3.2,3.4,0.16,0.4,0.04,0.07,5.8,3,95,10,22.9,6.2,NA,NA,NA,NA,30900000,594,0,0,0,546906,0,0,0
"RR","P8",37.97817,-121.3823,0,"2018-08-16",8,3,2018,1400,26.38,6.93,NA,84,533,0.24,4.2,7.45,NA,4.7,0.063,0.7,93,21,4.6,4.1,0.3,0.5,0.216,0.23,10.9,2,290,6,4.31,1.24,NA,NA,NA,NA,4.29e+08,3086,196,0,229,99212,0.291974444,0.024346585,0
"","D8",38.05992,-121.99,0,"2018-08-07",8,3,2018,1130,21.07,8.68,NA,60,11781,6.7,17.5,7.83,NA,3.2,0.04,0.35,3470,85,1.4,1.4,0,0.227,0.09,0.1,11.3,5,6940,26,2.87,0.92,NA,NA,NA,NA,2.48e+08,144,0,0,80,248261,0,0.024346585,0
"FieldCont","FieldCont",NA,NA,1,"",8,3,2018,NA,NA,NA,NA,NA,NA,NA,NA,NA,NA,NA,NA,NA,NA,NA,NA,NA,NA,NA,NA,NA,NA,NA,NA,NA,NA,NA,NA,NA,NA,NA,NA,145,0,0,0,0,0,0,0
"CV","D4",38.06248,-121.8205,0,"2018-09-13",9,4,2018,625,19.62,8.37,NA,56,6423,3.48,34.4,7.8,NA,2.5,0.06,0.26,1800,54.5,1.7,1.7,0.2,0.3,0.088,0.111,14.3,7,3690,37,2.01,1.66,NA,NA,NA,NA,1.85e+08,2880,0,0,0,43127,0,0,0
"","D22",38.08453,-121.7391,0,"2018-09-13",9,4,2018,745,19.98,8.44,NA,76,1197,0.57,10.4,7.91,NA,2.1,0.08,0.216,280,20,2,2,0.2,0.2,0.079,0.08,17.3,1,652,9,2.05,1.11,NA,NA,NA,NA,9090000,0,0,0,0,27532,0,0,0
"AT","D12",38.02161,-121.8063,0,"2018-09-14",9,4,2018,740,19.74,8.34,NA,80,3561,1.85,12,7.77,NA,2.3,0.05,0.224,850,33,2,2,0.13,0.22,0.071,0.08,14.8,2,1780,11,2.46,0.95,NA,NA,NA,NA,1.42e+09,4945,194,0,0,35762,0,0,0
"FT","D19",38.04376,-121.6148,0,"2018-09-14",9,4,2018,925,20.55,8.71,NA,252,994,0.47,1.4,8.02,NA,2.1,0.03,0.18,232,19,2.2,2.2,0.13,0.185,0.068,0.078,14.1,1,565,2,1.67,0.62,NA,NA,NA,NA,1.49e+08,4704,144,0,0,28297,0,0,0
"OR","D28A",37.97048,-121.573,0,"2018-09-14",9,4,2018,1005,21.3,8.87,NA,276,793,0.37,1.5,8.48,NA,1.6,0.02,0.07,175,17,2.4,2.5,0.1,0.2,0.066,0.08,12.1,1,430,2,1.7,0.71,NA,NA,NA,NA,2.35e+08,2832,0,0,144,68371,0,0,0
"","D16",38.0969,-121.6691,0,"2018-09-17",9,4,2018,935,20.48,8.46,NA,164,751,0.35,3.9,7.84,NA,2.3,0.04,0.221,172,17,2.2,2.3,0.1,0.3,0.075,0.08,16.2,1,413,5,1.97,0.83,NA,NA,NA,NA,8.92e+08,56674,97,0,0,64033,0,0,0
"","D26",38.07664,-121.5669,0,"2018-09-17",9,4,2018,1030,20.31,8.32,NA,164,370,0.16,4.8,7.71,NA,1.9,0.1,0.224,58,15,2.2,2.2,0.1,0.3,0.077,0.08,18,1,202,7,1.58,1.01,NA,NA,NA,NA,2.05e+08,5520,0,0,24,25235,0,0,0
"","MD10A",38.04226,-121.4199,0,"2018-09-17",9,4,2018,1140,21.98,8,NA,248,194,0.08,1.4,7.65,NA,3.3,0.011,0.06,11.4,14.4,3,3,0.19,0.315,0.068,0.07,18.2,0,120,2,3.9,1.14,NA,NA,NA,NA,17400000,903,0,0,792,152527,0,0,0
"RR","P8",37.97817,-121.3823,0,"2018-09-17",9,4,2018,1250,23.34,7.23,NA,112,831,0.39,4.9,7.55,NA,4.3,0.07,1.14,170,25,4.3,4.3,0.3,0.5,0.356,0.39,10.7,1,462,4,2.6,0.93,NA,NA,NA,NA,11900000,0,0,0,0,61027,0,0,0
"","D8",38.05992,-121.99,0,"2018-09-18",9,4,2018,920,19.1,8.88,NA,96,11133,6.3,6.5,7.82,NA,4.9,0.06,0.3,3260,87,1.5,1.6,0,0.223,0.096,0.1,13.7,2,6700,10,4,0.6,NA,NA,NA,NA,66100000,42432,0,0,0,190805,0,0,0
"FieldCont","FieldCont",NA,NA,1,"",9,4,2018,NA,NA,NA,NA,NA,NA,NA,NA,NA,NA,NA,NA,NA,NA,NA,NA,NA,NA,NA,NA,NA,NA,NA,NA,NA,NA,NA,NA,NA,NA,NA,NA,0,0,0,0,0,0,0,0
"CV","D4",38.06248,-121.8205,0,"2018-10-12",10,5,2018,615,18.24,8.46,NA,76,8440,4.68,9.6,7.57,NA,1.5,0.09,0.33,2800,75,1.4,1.4,0,0.2,0.091,0.09,13.4,2,5540,14,1.33,0.67,NA,NA,NA,NA,77300000,8650,238,261,55,48038,0,0,0
"","D22",38.08453,-121.7391,0,"2018-10-12",10,5,2018,750,18.11,8.58,NA,52,3106,1.6,15.6,7.63,NA,1.1,0.09,0.3185,813,31,1.6,1.6,0.12,0.3,0.083,0.1,15.6,2,1710,15,0.84,0.52,NA,NA,NA,NA,4.28e+08,6083,143,0,1141,84622,0,0,0
"AT","D12",38.02161,-121.8063,0,"2018-10-15",10,5,2018,945,17.59,8.8,NA,60,4740,2.51,13.7,7.68,NA,1.8,0.07,0.33,1200,42,1.7,1.7,0.1,0.3,0.081,0.1,14.1,2,2620,17,0.78,0.72,NA,NA,NA,NA,3.06e+08,3087,145,0,0,88052,0,0,0
"FT","D19",38.04376,-121.6148,0,"2018-10-15",10,5,2018,1140,18.02,9.5,NA,244,969,0.46,0.7,8.05,NA,0.7,0.04,0.26,215,17,2,2,0.11,0.2,0.077,0.08,14.5,0,539,2,1.35,0.5,NA,NA,NA,NA,4.64e+08,43671,0,0,31,71869,0,0,0
"OR","D28A",37.97048,-121.573,0,"2018-10-15",10,5,2018,1220,17.98,9.08,NA,292,759,0.35,0.1,8.07,NA,1,0.027,0.14,158,16,2.3,2.3,0.1,0.2,0.065,0.07,11.6,0,415,2,1.79,0.9,NA,NA,NA,NA,3.35e+08,15380,2057,0,0,49042,0,0,0
"","D16",38.0969,-121.6691,0,"2018-10-16",10,5,2018,930,17.91,8.92,NA,168,701,0.32,2.2,8.14,NA,1,0.06,0.308,146,15,1.9,1.9,0,0.25,0.07,0.07,16.2,1,388,5,1.59,0.64,NA,NA,NA,NA,1.63e+08,83118,98,0,408,112619,0,0,0
"","D26",38.07664,-121.5669,0,"2018-10-16",10,5,2018,1020,17.78,8.83,NA,188,349,0.15,3,8.05,NA,1.4,0.1,0.33,61,12.9,1.9,2,0.1,0.248,0.076,0.08,17.5,1,199,4,1.48,0.75,NA,NA,NA,NA,68200000,2350,850,0,0,39956,0,0,0
"","MD10A",38.04226,-121.4199,0,"2018-10-16",10,5,2018,1135,17.97,8.16,NA,220,169,0.07,0.1,8.06,NA,1.9,0.03,0.161,11.1,12,2.8,2.8,0.2,0.2,0.06,0.06,17.1,0,103,2,2.22,1.11,NA,NA,NA,NA,13100000,26279,0,0,1406,161770,0,0,0
"RR","P8",37.97817,-121.3823,0,"2018-10-16",10,5,2018,1250,20.31,8.01,NA,200,673,0.31,0.5,7.88,NA,2,0.07,2.44,110,24,3.3,3.4,0.3,0.4,0.35,0.35,12.7,0,367,3,2.46,0,NA,NA,NA,NA,382000,384,0,0,0,152394,0,0,0
"","D8",38.05992,-121.99,0,"2018-10-17",10,5,2018,955,17.29,8.71,NA,8,16045,9.37,9.7,7.66,NA,1.7,0.08,0.3,5030,123,1.1,1.1,0,0.2,0.086,0.108,11.5,3,9700,16,1.32,0,NA,NA,NA,NA,65200000,19976,0,0,0,96790,0.280211915,0,0
"FieldCont","FieldCont",NA,NA,1,"",10,5,2018,NA,NA,NA,NA,NA,NA,NA,NA,NA,NA,NA,NA,NA,NA,NA,NA,NA,NA,NA,NA,NA,NA,NA,NA,NA,NA,NA,NA,NA,NA,NA,NA,0,0,0,0,0,0,0,0
"CV","D4",38.06248,-121.8205,0,"2018-12-11",12,6,2018,800,11.5,9.68,NA,74,7278,3.99,8.4,8.1,NA,1.2,0.2,0.53,2600,49,2,2,0.3,0.4,0.082,0.09,7.1,2,3500,13,1,0.7,NA,NA,NA,NA,4680000,0,0,0,0,20684,0,0.024181095,0
"","D22",38.08453,-121.7391,0,"2018-12-11",12,6,2018,940,11.17,8.83,NA,60,1756,0.87,14.4,7.87,NA,1.9,0.21,0.59,450,23,3.2,3.2,0.38,0.5,0.084,0.1,16.9,2,1010,16,0.9,1.17,NA,NA,NA,NA,468000,143,380,0,0,20101,0,0,0
"AT","D12",38.02161,-121.8063,0,"2018-12-12",12,6,2018,850,11.39,9.06,NA,76,4228,2.22,10.3,7.82,NA,1.7,0.17,0.54,1080,39,2.3,2.3,0.1,0.44,0.081,0.09,16.2,2,2320,14,0.97,0.65,NA,NA,NA,NA,319000,141,0,0,0,23402,0,0,0
"FT","D19",38.04376,-121.6148,0,"2018-12-12",12,6,2018,1100,11.53,9.32,NA,160,1113,0.53,2.2,7.96,NA,1.2,0.14,0.58,225,19,3.1,3.1,0.3,0.38,0.07,0.07,16,0,557,2,1.06,0.65,NA,NA,NA,NA,5990000,141,0,0,0,34231,0,0,0
"OR","D28A",37.97048,-121.573,0,"2018-12-12",12,6,2018,1140,11.23,9.19,NA,240,721,0.33,0.6,8.16,NA,1.5,0.1,0.56,148,18,3.1,3.2,0.22,0.4,0.059,0.07,15.3,0,396,2,0.9,0.59,NA,NA,NA,NA,0,0,0,0,0,30881,0,0,0
"","D16",38.0969,-121.6691,0,"2018-12-13",12,6,2018,845,11.31,9.14,NA,180,957,0.45,3.4,7.58,NA,1.5,0.121,0.59,211,19,3.1,3.2,0.22,0.38,0.077,0.07,17.4,1,542,5,0.78,0,NA,NA,NA,NA,733000,0,0,0,0,28852,0,0,0
"","D26",38.07664,-121.5669,0,"2018-12-13",12,6,2018,950,11.18,8.84,NA,156,554,0.25,4.9,7.51,NA,2.2,0.14,0.61,107,18,3.5,3.5,0.3,0.5,0.08,0.09,18.4,1,314,5,0.65,0.56,NA,NA,NA,NA,0,144,0,0,0,14079,0,0,0
"","MD10A",38.04226,-121.4199,0,"2018-12-13",12,6,2018,1110,10.95,8.34,NA,236,276,0.12,1.9,7.38,NA,2.6,0.05,0.57,32,17,3.8,3.8,0.3,0.44,0.077,0.078,14.8,1,157,2,0,0,NA,NA,NA,NA,215000,0,0,0,704,31211,0,0,0
"RR","P8",37.97817,-121.3823,0,"2018-12-13",12,6,2018,1205,11.58,8.33,NA,196,662,0.3,3.2,7.44,NA,2.3,0.17,2.45,110,26,4.1,4.1,0.3,0.6,0.303,0.29,12,1,368,3,0.76,0,NA,NA,NA,NA,0,141,0,0,0,11183,0,0,0
"","D8",38.05992,-121.99,0,"2018-12-14",12,6,2018,1105,11.6,9.21,NA,80,17391,10.22,8.4,7.65,NA,2,0.17,0.49,5600,130,1.2,1.3,0,0.3,0.082,0.09,12.3,3,10700,18,0.93,0,NA,NA,NA,NA,0,189,0,0,0,17928,0,0.039095779,0
"FieldCont","FieldCont",NA,NA,1,"",12,6,2018,NA,NA,NA,NA,NA,NA,NA,NA,NA,NA,NA,NA,NA,NA,NA,NA,NA,NA,NA,NA,NA,NA,NA,NA,NA,NA,NA,NA,NA,NA,NA,NA,242,0,0,0,0,0,0,0
"CV","D4",38.06248,-121.8205,0,"2019-06-11",6,1,2019,1230,21.12,8.46,NA,84,116,0.05,5.8,7.54,NA,1.5,0,0.15,6,8,1.8,1.8,0.2,0.2,0.05,0.05,13.9,1,72,6,1.4,0,NA,NA,NA,NA,0,0,0,0,0,437,0,0,0
"","D22",38.08453,-121.7391,0,"2019-06-11",6,1,2019,1315,19.99,8.7,NA,100,103,0.04,5,7.53,NA,0.8,0.07,0.14,3,8,1.6,1.6,0.13,0.2,0,0.04,14.3,1,61,6,0.72,0,NA,NA,NA,NA,0,11,0,0,162,1501,0,0,0
"AT","D12",38.02161,-121.8063,0,"2019-06-07",6,1,2019,650,20.19,8.47,NA,80,131,0.05,7.4,7.79,NA,2.1,0,0.17,9,9,2.1,2.1,0.2,0.3,0.055,0.062,14.1,1,81,8,1.73,0.89,NA,NA,NA,NA,0,0,0,0,0,2008,0,0,0
"FT","D19",38.04376,-121.6148,0,"2019-06-07",6,1,2019,755,20.45,8.54,NA,140,121,0.05,4.2,7.61,NA,2.9,0,0.155,9,8.5,2.2,2.2,0.2,0.215,0.054,0.06,12.7,0,68,3,0,0,NA,NA,NA,NA,0,0,0,0,0,1165,0,0,0.15
"OR","D28A",37.97048,-121.573,0,"2019-06-07",6,1,2019,835,22.45,7.87,NA,132,152,0.06,3.5,7.55,NA,2.1,0,0.12,16,9,2.7,2.7,0.13,0.3,0.07,0.07,8.9,0,87,5,0.56,0.54,NA,NA,NA,NA,23200,0,0,0,0,1079,0,0,0
"","D16",38.0969,-121.6691,0,"2019-06-10",6,1,2019,820,20.41,8.59,NA,136,104,0.04,4.8,7.24,NA,1.2,0,0.15,6,8,1.9,2,0.1,0.2,0.05,0.05,12.8,0,65,5,0.5,0,NA,NA,NA,NA,0,0,0,0,0,0,0,0,0
"","D26",38.07664,-121.5669,0,"2019-06-10",6,1,2019,910,20.1,8.47,NA,136,96,0.04,4.4,7.33,NA,1.1,0,0.14,5,7,2.1,2.2,0.2,0.2,0.05,0.05,12.9,0,59,4,0,0,NA,NA,NA,NA,0,0,0,0,0,0,0,0,0
"","MD10A",38.04226,-121.4199,0,"2019-06-10",6,1,2019,1025,23.49,7.83,NA,116,143,0.06,4,7.42,NA,3.4,0,0,11.6,9,3.2,3.2,0.25,0.4,0.096,0.112,12.2,0,84,4,2.49,0,NA,NA,NA,NA,60100,0,0,24,340,1380,0,0,0
"RR","P8",37.97817,-121.3823,0,"2019-06-10",6,1,2019,1145,20.98,7.88,NA,80,95,0.04,5.2,7.55,NA,2.6,0,0.18,6,7,3.2,3.4,0.22,0.3,0.089,0.09,9.5,1,59,6,2.85,0.67,NA,NA,NA,NA,0,0,0,0,20,1190,0,0,0
"","D8",38.05992,-121.99,0,"2019-06-11",6,1,2019,1100,21.37,8.62,NA,68,135,0.06,6.9,7.51,NA,2.3,0,0.16,10.1,207,1.9,1.9,0.1,0.3,0.051,0.05,7.71,0,77,5,2.15,0,NA,NA,NA,NA,123000,0,0,0,16,2123,0,0,0
"FieldCont","FieldCont",NA,NA,1,"",6,1,2019,NA,NA,NA,NA,NA,NA,NA,NA,NA,NA,NA,NA,NA,NA,NA,NA,NA,NA,NA,NA,NA,NA,NA,NA,NA,NA,NA,NA,NA,NA,NA,NA,0,0,0,0,0,0,0,0
"CV","D4",38.06248,-121.8205,0,"2019-07-08",7,2,2019,800,21.54,8.32,94.6,48,1055,0.5,14,7.62,NA,NA,0,0.223,259,15.4,2,2,0.14,0.218,0.062,0.07,13.4,4,588,24,2.79,2.06,NA,NA,NA,NA,215000,0,0,0,0,2946,0,0,0
"","D22",38.08453,-121.7391,0,"2019-07-08",7,2,2019,850,21.74,8.28,94.2,60,133,0.05,10,7.62,NA,NA,0.083,0.264,9.06,9.31,1.8,1.8,0.1,0.236,0.057,0.068,14.7,3,80,17,3.44,1.68,NA,NA,NA,NA,0,0,0,0,0,3966,0,0,0
"AT","D12",38.02161,-121.8063,0,"2019-07-09",7,2,2019,940,21.92,8.21,93.8,56,450,0.2,10.6,7.61,NA,3.54,0,0.186,94.8,11.1,2.1,2.1,0.15,0.251,0.064,0.072,13.2,3,245,14,1.56,1.27,NA,NA,NA,NA,60300,0,0,0,0,330,0,0,0.18
"FT","D19",38.04376,-121.6148,0,"2019-07-09",7,2,2019,1045,22.86,8.2,95.3,132,125,0.05,2.8,7.68,NA,1.66,0,0.175,9.06,8.67,2.1,2.1,0.14,0.207,0.06,0.06,13,1,75,4,1.34,0.93,NA,NA,NA,NA,9950,0,0,24,1510,1782,0,0,0
"OR","D28A",37.97048,-121.573,0,"2019-07-09",7,2,2019,1125,24.06,8.72,103.7,164,119,0.05,1.5,8.76,NA,1.19,0,0.05,8.4,8.07,2.4,2.4,0.13,0.217,0.07,0.07,10.7,1,73,3,0.81,0.55,NA,NA,NA,NA,323000,0,0,0,0,0,0,0,0
"","D16",38.0969,-121.6691,0,"2019-07-10",7,2,2019,925,22.61,8.38,96.9,120,122,0.05,4.5,7.73,NA,2.36,0,0.197,8.3,8.53,2.1,2.1,0.11,0.223,0.058,0.095,13.1,1,72,6,1.64,1.26,NA,NA,NA,NA,0,0,0,0,57,837,0,0,0
"","D26",38.07664,-121.5669,0,"2019-07-10",7,2,2019,1030,22.61,8.26,95.6,124,113,0.05,4.5,7.62,NA,1.25,0.076,0.205,5.98,8.51,1.8,1.8,0,0.213,0.052,0.053,13.4,1,68,5,1.4,0.91,NA,NA,NA,NA,123000,0,0,72,0,2922,0,0,0
"","MD10A",38.04226,-121.4199,0,"2019-07-10",7,2,2019,1145,25.06,7.68,93.2,128,127,0.05,2.8,7.57,NA,3.86,0,0.064,9.66,8.95,3,3.1,0.15,0.274,0.052,0.06,13.6,1,75,4,4.26,1.42,NA,NA,NA,NA,337000,0,0,0,0,2366,0,0,0
"RR","P8",37.97817,-121.3823,0,"2019-07-10",7,2,2019,1310,23.16,7.1,85.1,100,323,0.14,6.1,7.48,NA,3.28,0.057,0.63,46.8,14.8,3.6,3.3,0.27,0.419,0.106,0.113,11.6,1,177,6,4.06,0.78,NA,NA,NA,NA,0,0,0,0,16,3307,0,0,0
"","D8",38.05992,-121.99,0,"2019-07-11",7,2,2019,1100,21.74,8.54,98.1,40,3148,1.62,19.5,7.8,NA,2.29,0,0.25,811,27.4,1.8,1.9,0.14,0.232,0.066,0.085,13.4,4,1680,26,1.79,0.73,NA,NA,NA,NA,0,0,0,0,22,1002,0,0,0
"FieldCont","FieldCont",NA,NA,1,"",7,2,2019,NA,NA,NA,NA,NA,NA,NA,NA,NA,NA,NA,NA,NA,NA,NA,NA,NA,NA,NA,NA,NA,NA,NA,NA,NA,NA,NA,NA,NA,NA,NA,NA,0,0,0,0,0,0,0,0
"CV","D4",38.06248,-121.8205,0,"2019-08-08",8,3,2019,1150,22.87,8.14,95.2,56,2245,1.13,12.6,7.77,NA,3.05,0,0.211,578,23.4,1.7,1.7,0.13,0.199,0.065,0.066,13.7,2,1230,16,3.97,1.41,NA,NA,NA,NA,76300,0,0,0,16,693,0,0,0
"","D22",38.08453,-121.7391,0,"2019-08-08",8,3,2019,1240,23.01,8.29,96.7,76,143,0.06,8,7.79,NA,4.04,0.095,0.228,7.8,10,1.7,1.7,0.11,0.288,0.068,0.07,15.5,1,95,13,3.24,0.67,NA,NA,NA,NA,0,0,0,0,0,2748,0,0,0
"AT","D12",38.02161,-121.8063,0,"2019-08-06",8,3,2019,830,22.97,7.85,91.9,60,1911,0.95,10.8,7.56,NA,2.88,0,0.193,480,20.4,1.8,1.9,0.18,0.258,0.066,0.069,12.4,1,1030,12,2.27,1.17,NA,NA,NA,NA,982000,0,0,0,0,234,0,0,0
"FT","D19",38.04376,-121.6148,0,"2019-08-06",8,3,2019,935,24.23,7.86,93.8,152,363,0.16,3.4,7.71,NA,2.1,0,0.171,69.5,11,1.9,2.4,0.18,0.229,0.07,0.07,12.3,2,202,3,1.72,1.27,NA,NA,NA,NA,1.75e+08,0,0,0,0,0,0.36,0,0
"OR","D28A",37.97048,-121.573,0,"2019-08-06",8,3,2019,1010,25.23,8.19,99.6,208,233,0.1,2.1,8.48,NA,1.42,0,0.058,34,9.71,2.4,3.2,0.18,0.264,0.07,0.072,10.5,0,129,2,1.09,0.78,NA,NA,NA,NA,490000,0,0,0,0,0,0,0,0
"","D16",38.0969,-121.6691,0,"2019-08-07",8,3,2019,740,24.33,7.59,90.8,100,307,0.13,6.1,7.56,NA,2.62,0,0.203,52.9,11.3,1.9,1.9,0.13,0.229,0.063,0.066,14.1,1,168,7,2.65,2.14,NA,NA,NA,NA,4.38e+08,0,0,0,28,45,0,0,0
"","D26",38.07664,-121.5669,0,"2019-08-07",8,3,2019,835,24.12,7.49,89.2,144,154,0.06,4.1,7.5,NA,2.05,0.083,0.211,12.3,10.3,1.8,1.8,0,0.251,0.061,0.067,15.5,1,88,4,0.99,0.76,NA,NA,NA,NA,1.5e+08,35,0,0,329,319,0,0,0.17
"","MD10A",38.04226,-121.4199,0,"2019-08-07",8,3,2019,945,26.47,6.82,84.9,160,140,0.06,2.9,7.38,NA,3.61,0,0.071,9.25,10,2.8,2.8,0.18,0.29,0.069,0.081,15.5,1,83,3,2.91,1.19,NA,NA,NA,NA,41300000,0,0,0,77,521,0,0,0
"RR","P8",37.97817,-121.3823,0,"2019-08-07",8,3,2019,1100,25.71,7.58,93.1,128,371,0.16,4.1,7.56,NA,4.96,0,0.595,57.9,15.7,2.7,2.7,0.34,0.469,0.148,0.156,12.1,1,209,5,3.87,1.04,NA,NA,NA,NA,1.86e+08,0,0,0,38,1248,0,0,0
"","D8",38.05992,-121.99,0,"2019-08-09",8,3,2019,1105,21.87,8.19,95.7,60,7545,4.14,9.7,7.84,NA,2.72,0,0.206,1860,47.3,1.6,1.6,0.15,0.186,0.069,0.07,11.6,2,3810,9,3.11,0.75,NA,NA,NA,NA,9390000,0,0,0,0,642,0,0.024,0.19
"FieldCont","FieldCont",NA,NA,1,"",8,3,2019,NA,NA,NA,NA,NA,NA,NA,NA,NA,NA,NA,NA,NA,NA,NA,NA,NA,NA,NA,NA,NA,NA,NA,NA,NA,NA,NA,NA,NA,NA,NA,NA,0,0,0,0,0,0,0,0
"CV","D4",38.06248,-121.8205,0,"2019-09-06",9,4,2019,1105,22.21,8.05,92.6,48,885,0.42,16.6,7.66,NA,2.35,0,0.223,205,14.4,1.8,1.8,0.26,0.37,0.076,0.076,13.5,4,487,23,2.3,1.59,NA,NA,NA,NA,0,0,1308,0,39,2325,0,0,0
"","D22",38.08453,-121.7391,0,"2019-09-06",9,4,2019,1155,22.37,8.17,94.1,80,142,0.06,6.6,7.62,NA,2.51,0.098,0.209,5.6,10.7,1.7,1.5,0,0.308,0.06,0.06,16,2,91,10,1.99,0,NA,NA,NA,NA,0,0,171,0,0,2682,0,0,0
"AT","D12",38.02161,-121.8063,0,"2019-09-04",9,4,2019,835,22.53,7.93,91.8,60,631,0.29,13.7,7.61,NA,2.29,0,0.212,139,12.9,2.4,2.6,0.21,0.25,0.072,0.08,14.1,2,344,16,1.84,1.13,NA,NA,NA,NA,1110000,0,0,36,738,1974,0,0,0.55
"FT","D19",38.04376,-121.6148,0,"2019-09-04",9,4,2019,950,23.21,7.72,90.3,180,185,0.08,1.1,7.68,NA,1.63,0,0.185,20.4,10.5,2.2,2.2,0.19,0.22,0.062,0.06,13.7,1,108,3,1.69,0.89,NA,NA,NA,NA,1.15e+08,0,0,36,836,1356,0.26,0,0
"OR","D28A",37.97048,-121.573,0,"2019-09-04",9,4,2019,1035,24.47,8.35,100.3,252,184,0.08,1.3,8.45,NA,1.38,0,0.062,18.1,10.6,2.3,2.3,0.17,0.19,0.065,0.069,12.3,0,102,2,1.1,0.66,NA,NA,NA,NA,0,42,0,1356,1138,2340,0.29,0,0.15
"","D16",38.0969,-121.6691,0,"2019-09-05",9,4,2019,800,23.28,7.92,92.9,112,175,0.07,4.9,7.62,NA,2.64,0,0.215,15,10.4,1.9,1.8,0.23,0.252,0.061,0.062,14.9,2,99,6,0.72,0,NA,NA,NA,NA,1.4e+07,0,0,60,606,1326,0.29,0,0
"","D26",38.07664,-121.5669,0,"2019-09-05",9,4,2019,855,23.07,7.81,91.2,140,144,0.06,3.9,7.55,NA,1.94,0.068,0.199,7.4,10.5,1.7,1.7,0.12,0.265,0.057,0.054,15.3,2,87,5,0,0,NA,NA,NA,NA,5060000,431,0,0,3877,1790,0,0,0
"","MD10A",38.04226,-121.4199,0,"2019-09-05",9,4,2019,1010,25.34,6.87,83.8,256,153,0.06,1.2,7.37,NA,3.22,0,0.061,9.1,11.2,2.7,2.7,0.25,0.3,0.065,0.071,15.1,1,93,2,2.65,1.43,NA,NA,NA,NA,470000,0,0,0,0,2291,0,0,0
"RR","P8",37.97817,-121.3823,0,"2019-09-05",9,4,2019,1125,24.01,8.37,99.5,116,246,0.11,6.9,7.59,NA,2.68,0,0.74,31,11.9,2.4,2.4,0.31,0.533,0.156,0.166,10.7,3,138,6,10.4,7.25,NA,NA,NA,NA,4.41e+10,9290,119,0,0,21877,0,0,0
"","D8",38.05992,-121.99,0,"2019-09-06",9,4,2019,935,21.86,8.18,94.5,48,3740,1.95,21.4,7.68,NA,2.15,0,0.241,1040,31.2,1.7,1.8,0.24,0.257,0.085,0.084,13.8,6,2120,29,2.45,1.2,NA,NA,NA,NA,23600000,0,0,0,0,4671,0.26,0,0
"FieldCont","FieldCont",NA,NA,1,"",9,4,2019,NA,NA,NA,NA,NA,NA,NA,NA,NA,NA,NA,NA,NA,NA,NA,NA,NA,NA,NA,NA,NA,NA,NA,NA,NA,NA,NA,NA,NA,NA,NA,NA,0,0,0,0,0,0,0,0
"CV","D4",38.06248,-121.8205,0,"2019-10-07",10,5,2019,1305,18.88,8.64,93.4,60,1273,0.61,10.6,7.75,NA,2.3,0.12,0.2,340,17,1.8,1.9,0,0.11,0.1,0.077,15,2,740,14,2.16,0.9,NA,NA,NA,NA,6500000,0,0,0,334,780,0,0,0
"","D22",38.08453,-121.7391,0,"2019-10-07",10,5,2019,1405,17.84,9,94.8,124,159,0.07,5,7.79,NA,2.32,0.22,0.24,12,10,1.8,1.8,0,0.12,0.057,0.067,15,0,110,6.9,1.28,0,NA,NA,NA,NA,0,0,0,0,770,1466,0,0,0
"AT","D12",38.02161,-121.8063,0,"2019-10-03",10,5,2019,830,18.69,8.48,91,64,605,0.28,12.6,7.77,NA,2.05,0,0.23,120,13,2.1,2,0,0,0.096,0.069,15,3.9,320,11,1.99,1.12,NA,NA,NA,NA,0,0,0,0,918,984,0,0,0
"FT","D19",38.04376,-121.6148,0,"2019-10-03",10,5,2019,1000,19.15,8.98,97.1,176,161,0.07,2.3,7.89,NA,1.79,0,0.22,12,10,2,2,0,0,0.061,0.054,15,1.1,100,3.6,1.35,0.72,NA,NA,NA,NA,112000,396,0,0,1241,1458,0,0,0
"OR","D28A",37.97048,-121.573,0,"2019-10-03",10,5,2019,1045,19.16,9.34,101,216,161,0.07,1.9,8.43,NA,1.3,0,0.12,12,10,2.3,2.3,0,0,0.05,0.05,13,1.2,100,2.5,1.11,0.84,NA,NA,NA,NA,0,0,0,0,372,348,0,0,0
"","D16",38.0969,-121.6691,0,"2019-10-04",10,5,2019,810,18.61,8.73,93.3,154,144,0.06,3.7,7.71,NA,1.34,0,NA,8.2,10,1.8,1.9,0,0,0,0.057,15,1.3,95,4.1,1.46,0.68,NA,NA,NA,NA,0,36,0,0,1482,438,0,0,0.24
"","D26",38.07664,-121.5669,0,"2019-10-04",10,5,2019,905,18.08,8.86,93.7,200,130,0.05,3,7.64,NA,1.24,0,NA,5.7,9.9,1.8,2,0,0,0,0.049,15,1.6,85,4,1.01,0.64,NA,NA,NA,NA,17300,0,0,24,529,378,0,0,0.21
"","MD10A",38.04226,-121.4199,0,"2019-10-04",10,5,2019,1030,18.82,8.13,87.3,284,146,0.06,1.5,7.47,NA,2.18,0,NA,8.4,11,2.7,2.9,0,0,0,0.06,14,0,95,1.3,1.34,0.88,NA,NA,NA,NA,1150000,0,0,0,0,858,0,0,0
"RR","P8",37.97817,-121.3823,0,"2019-10-04",10,5,2019,1200,17.99,8.71,92.1,124,163,0.07,6,7.44,NA,2.25,0,NA,17,9,2.4,2.4,0.26,0.26,0,0.13,10,0,100,3.8,3.27,0,NA,NA,NA,NA,38400000,403,0,0,0,2725,0,0,0
"","D8",38.05992,-121.99,0,"2019-10-07",10,5,2019,1125,18.76,8.53,93.3,52,5982,3.23,14.4,7.84,NA,1.86,0,0,1300,44,1.2,0.93,0,0,0.072,0.084,15,2.6,3300,16,0.81,0,NA,NA,NA,NA,7490000,0,0,0,76,672,0,0,0.17
"FieldCont","FieldCont",NA,NA,1,"",10,5,2019,NA,NA,NA,NA,NA,NA,NA,NA,NA,NA,NA,NA,NA,NA,NA,NA,NA,NA,NA,NA,NA,NA,NA,NA,NA,NA,NA,NA,NA,NA,NA,NA,0,0,0,0,0,0,0,0
"CV","D4",38.06248,-121.8205,0,"2019-11-06",11,6,2019,1255,15.02,8.77,88.5,44,4915,2.61,16.7,7.57,NA,2.07,0.11,0.83,1000,32,1,1.1,0,0.47,0,0.07,14,4.2,2200,21,2,1.18,NA,NA,NA,NA,2420000,0,0,0,354,540,0,0,0.18
"","D22",38.08453,-121.7391,0,"2019-11-06",11,6,2019,1420,14.62,8.86,87.3,56,273,0.12,12.6,7.49,NA,2.86,0.16,0.31,33,10,1.8,1.8,0,0.39,0.13,0.068,15,4.4,150,16,2.25,0.78,NA,NA,NA,NA,754000,25,0,0,318,912,0,0,0.2
"AT","D12",38.02161,-121.8063,0,"2019-11-04",11,6,2019,1120,14.85,9.01,89.1,68,717,0.33,13.6,7.4,NA,2.82,0,0.32,150,13,1.9,1.9,0,0.2,0.052,0.067,14,4.5,360,18,2.08,0.97,NA,NA,NA,NA,0,0,0,0,521,158,0,0,0
"FT","D19",38.04376,-121.6148,0,"2019-11-04",11,6,2019,1240,15.14,9.42,93.7,194,159,0.07,3.4,7.49,NA,2.02,0,0.35,13,10,2.1,2.1,0,0,0.06,0.054,13,1.8,110,3.8,1.37,0.59,NA,NA,NA,NA,0,0,0,0,60,0,0,0,0.17
"OR","D28A",37.97048,-121.573,0,"2019-11-04",11,6,2019,1325,14.82,8.27,81.7,192,177,0.07,2.9,7.27,NA,3.13,0,0.22,17,11,2.5,2.5,0,0.21,0.06,0.051,11,1.6,120,3.9,1.85,0.94,NA,NA,NA,NA,146000,0,0,0,412,281,0,0,0
"","D16",38.0969,-121.6691,0,"2019-11-05",11,6,2019,1115,14.7,9.12,89.8,156,162,0.07,4.1,7.45,NA,2.51,0,0.36,14,10,2.1,2.2,0,0.25,0.052,0.057,13,1.3,97,3.4,1.32,0.54,NA,NA,NA,NA,0,18,0,0,888,318,0,0,0.18
"","D26",38.07664,-121.5669,0,"2019-11-05",11,6,2019,1215,14.43,9.07,88.9,180,163,0.07,4.3,7.38,NA,2.33,0,0.35,14,10,2.1,2.1,0,0.24,0.056,0.064,13,0,96,5.3,1.24,0.58,NA,NA,NA,NA,0,0,0,0,0,0,0,0,0
"","MD10A",38.04226,-121.4199,0,"2019-11-05",11,6,2019,1340,14.75,9.43,93.1,324,197,0.08,1.3,7.39,NA,2.83,0,0.26,20,11,2.7,2.8,0,0.23,0.043,0.048,9.7,0,110,1,1.23,0,NA,NA,NA,NA,17700,0,0,0,0,131,0,0,0
"RR","P8",37.97817,-121.3823,0,"2019-11-05",11,6,2019,1450,14.14,9.26,90.1,168,355,0.16,3,7.37,NA,3.33,0,1.3,49,16,2.8,2.8,0,0.31,0.15,0.16,12,1.8,200,4.5,3.03,0.53,NA,NA,NA,NA,0,0,0,0,0,1722,0,0,0.17
"","D8",38.05992,-121.99,0,"2019-11-06",11,6,2019,1130,14.82,8.91,91.4,52,11153,6.32,17.1,7.71,NA,2.09,0,0,3200,82,0.57,0.67,0,0.14,0.07,0.075,13,4,6900,24,0,2.62,NA,NA,NA,NA,55500,0,0,0,111,602,0,0.029,0
"FieldCont","FieldCont",NA,NA,1,"",11,6,2019,NA,NA,NA,NA,NA,NA,NA,NA,NA,NA,NA,NA,NA,NA,NA,NA,NA,NA,NA,NA,NA,NA,NA,NA,NA,NA,NA,NA,NA,NA,NA,NA,0,0,0,0,0,0,0,0
